Civility,Alignment,N,Mean,SD,SE,t_95,t_99,CI95_lower,CI95_upper,CI99_lower,CI99_upper
Civil,Aligned,139,0.7122302158273381,1.1436314162272025,0.09700155068781403,1.9773035420276421,2.6119250276120063,0.5204287060701496,0.9040317255845267,0.458869437868662,0.9655909937860143
Civil,Opposed,139,1.0215827338129497,1.2066700250130256,0.1023484156992702,1.9773035420276421,2.6119250276120063,0.8192088489298652,1.2239566186960342,0.75425634531158825,1.2889091223143112
Borderline,Aligned,139,0.9640287769784173,1.1060444728750642,0.09381346776263484,1.9773035420276421,2.6119250276120063,0.7785310748814633,1.1495264790753712,0.7189950326021192,1.2090625213547153
Borderline,Opposed,139,1.1870503597122302,1.2072747206285361,0.10239970531196041,1.9773035420276421,2.6119250276120063,0.9845750596963041,1.3895256597281562,0.9195900065878266,1.4545107128366337
Uncivil,Aligned,139,2.2302158273381294,1.211757298382173,0.10277991259466684,1.9773035420276421,2.6119250276120063,2.026988742115403,2.4334429125608557,1.9617624012963446,2.498669253379914
Uncivil,Opposed,139,2.5971223021582732,1.2141641393969598,0.10298405818509104,1.9773035420276421,2.6119250276120063,2.393491559136512,2.8007530451800347,2.328135663139583,2.8661089411769636
