Civility,Alignment,N,Mean,SD,SE,t_95,t_99,CI95_lower,CI95_upper,CI99_lower,CI99_upper
Civil,Aligned,254,0.8228346456692913,1.177905220180189,0.07390834683046003,1.9693848042206028,2.5954010746208667,0.6772806705163174,0.9683886208222653,0.6310128428820636,1.014656448456519
Civil,Opposed,254,1.0984251968503937,1.2582366889932184,0.07894879147466106,1.9693848042206028,2.5954010746208667,0.9429446466086152,1.2539057470921724,0.8935214186170397,1.3033289750837478
Borderline,Aligned,254,1.0866141732283465,1.179693951382629,0.07402058180814032,1.9693848042206028,2.5954010746208667,0.9408391642158269,1.2323891822408661,0.8945010756594374,1.2787272707972557
Borderline,Opposed,254,1.374015748031496,1.2845517265143278,0.08059994378016593,1.9693848042206028,2.5954010746208667,1.2152834435298023,1.5327480525331898,1.164826567330072,1.5832049287329202
Uncivil,Aligned,254,2.295275590551181,1.2301456109521778,0.07718620047571706,1.9693848042206028,2.5954010746208667,2.1432662602387786,2.4472849208635834,2.0949464428906035,2.4956047382117585
Uncivil,Opposed,254,2.6141732283464565,1.232287914194637,0.0773206205363018,1.9693848042206028,2.5954010746208667,2.461899173209356,2.766447283483557,2.4134952067161866,2.8148512499767264
