Civility,N,Mean,SD,SE,t_95,t_99,CI95_lower,CI95_upper,CI99_lower,CI99_upper
Civil,254,0.08661417322834646,0.28182415528460814,0.017683220226148523,1.9693848042206028,2.5954010746208667,0.051789108025283144,0.12143923843140977,0.040719124450643136,0.13250922200604978
Borderline,254,0.3346456692913386,0.47279807132220086,0.029665989450924003,1.9693848042206028,2.5954010746208667,0.27622192046452015,0.39306941811815704,0.2576505283907191,0.4116408101919581
Uncivil,254,0.9173228346456693,0.2759373498777316,0.017313849203522184,1.9693848042206028,2.5954010746208667,0.8832252031216857,0.9514204661696529,0.8723864518170242,0.9622592174743144
