Civility,Alignment,N,Mean,SD,SE,t_95,t_99,CI95_lower,CI95_upper,CI99_lower,CI99_upper
Civil,Aligned,254,0.4251968503937008,0.4953488815536419,0.031080953129952668,1.9693848042206028,2.5954010746208667,0.36398649359887925,0.4864072071885224,0.3445293112399809,0.5058643895474207
Civil,Opposed,254,0.5196850393700787,0.5005987513906441,0.031410359260497345,1.9693848042206028,2.5954010746208667,0.45782595514734536,0.581544123592812,0.43816255919115643,0.601207519549001
Borderline,Aligned,254,0.5866141732283464,0.493413087640815,0.030959490617137236,1.9693848042206028,2.5954010746208667,0.525643022860546,0.6475853235961468,0.5062618780109138,0.666966468445779
Borderline,Opposed,254,0.6535433070866141,0.4767802545833473,0.029915853851357036,1.9693848042206028,2.5954010746208667,0.5946274791064672,0.7124591350667611,0.5758996678526013,0.731186946320627
Uncivil,Aligned,254,0.9094488188976378,0.2875363722285073,0.01804163659431433,1.9693848042206028,2.5954010746208667,0.8739178939455249,0.9449797438497508,0.8626235358928352,0.9562741019024404
Uncivil,Opposed,254,0.9173228346456693,0.2759373498777316,0.017313849203522184,1.9693848042206028,2.5954010746208667,0.8832252031216857,0.9514204661696529,0.8723864518170242,0.9622592174743144
