Civility,N,Mean,SD,SE,t_95,t_99,CI95_lower,CI95_upper,CI99_lower,CI99_upper
Civil,254,0.11811023622047244,0.4376396125668825,0.027459951546350503,1.9693848042206028,2.5954010746208667,0.06403102492045572,0.17218944752048915,0.04684064846803741,0.18937982397290748
Borderline,254,0.5196850393700787,0.8922183899407238,0.055982760821932834,1.9693848042206028,2.5954010746208667,0.40943344090904765,0.6299366378311098,0.37438732177259126,0.6649827569675661
Uncivil,254,2.5393700787401574,1.2496739483260804,0.07841151734071222,1.9693848042206028,2.5954010746208667,2.3849476280134785,2.6937925294668363,2.33586074237142,2.7428794151088947
