Civility,ContentType,N,Mean,SD,SE,t_95,CI95_lower,CI95_upper
Civil,Non-political,254,0.08661417322834646,0.28182415528460814,0.017683220226148523,1.9693848042206028,0.051789108025283144,0.12143923843140977
Civil,Political,254,0.47244094488188976,0.40650387653385095,0.025506321714233005,1.9693848042206028,0.4222091824863173,0.5226727072774622
Borderline,Non-political,254,0.3346456692913386,0.47279807132220086,0.029665989450924003,1.9693848042206028,0.27622192046452015,0.39306941811815704
Borderline,Political,254,0.6200787401574803,0.41268233926722686,0.025893992945121652,1.9693848042206028,0.5690835039307622,0.6710739763841984
Uncivil,Non-political,254,0.9173228346456693,0.2759373498777316,0.017313849203522184,1.9693848042206028,0.8832252031216857,0.9514204661696529
Uncivil,Political,254,0.9133858267716536,0.24017852540787302,0.015070141003669263,1.9693848042206028,0.8837069200815655,0.9430647334617417
