Civility,Alignment,N,Mean,SD,SE,t_95,t_99,CI95_lower,CI95_upper,CI99_lower,CI99_upper
Civil,Aligned,115,0.9565217391304348,1.2095475763423056,0.1127908930734618,1.9809922979758565,2.6196449891866536,0.7330838486700886,1.179959629590781,0.6610496412646529,1.2519938369962167
Civil,Opposed,115,1.191304347826087,1.317198330414823,0.1228293776517936,1.9809922979758565,2.6196449891866536,0.947980296732716,1.434628398919458,0.8695349841356508,1.5130737115165231
Borderline,Aligned,115,1.2347826086956522,1.2518788320844814,0.11673830302530473,1.9809922979758565,2.6196449891866536,1.0035249295237518,1.4660402878675525,0.9289696981292594,1.5405955192620449
Borderline,Opposed,115,1.6,1.3429477919598456,0.12523052732182688,1.9809922979758565,2.6196449891866536,1.351919289904006,1.8480807100959942,1.271940476608174,1.928059523391826
Uncivil,Aligned,115,2.373913043478261,1.2527924567703368,0.11682349896655346,1.9809922979758565,2.6196449891866536,2.142486591802928,2.605339495153594,2.067876949791277,2.679949137165245
Uncivil,Opposed,115,2.634782608695652,1.258866343131918,0.11738989179024144,1.9809922979758565,2.6196449891866536,2.4022341371989646,2.8673310801923395,2.3272627668861827,2.9423024505051214
