Civility,ContentType,N,Mean,SD,SE,t_95,CI95_lower,CI95_upper
Civil,Non-political,254,0.11811023622047244,0.4376396125668825,0.027459951546350503,1.9693848042206028,0.06403102492045572,0.17218944752048915
Civil,Political,254,0.9606299212598425,1.0061202028089828,0.06312959619192778,1.9693848042206028,0.8363034538228771,1.0849563886968079
Borderline,Non-political,254,0.5196850393700787,0.8922183899407238,0.055982760821932834,1.9693848042206028,0.40943344090904765,0.6299366378311098
Borderline,Political,254,1.2303149606299213,1.0674423178742416,0.06697728790003245,1.9693848042206028,1.098410907611689,1.3622190136481536
Uncivil,Non-political,254,2.5393700787401574,1.2496739483260804,0.07841151734071222,1.9693848042206028,2.3849476280134785,2.6937925294668363
Uncivil,Political,254,2.454724409448819,1.0701285998385135,0.06714584022130447,1.9693848042206028,2.3224884120503573,2.5869604068472807
