Civility,Alignment,N,Mean,SD,SE,t_95,t_99,CI95_lower,CI95_upper,CI99_lower,CI99_upper
Civil,Aligned,115,0.5130434782608696,0.502017288290136,0.04681335351503156,1.9809922979758565,2.6196449891866536,0.4203065855051711,0.6057803710165681,0.3904091112981938,0.6356778452235454
Civil,Opposed,115,0.5391304347826087,0.500647940204003,0.0466856611475842,1.9809922979758565,2.6196449891866536,0.4466464996233337,0.6316143699418837,0.4168305764904737,0.6614302930747437
Borderline,Aligned,115,0.6434782608695652,0.48106797031929316,0.044859819541314946,1.9809922979758565,2.6196449891866536,0.5546113038696334,0.7323452178694969,0.525961459392342,0.7609950623467884
Borderline,Opposed,115,0.7130434782608696,0.454320726639741,0.04236562620747917,1.9809922979758565,2.6196449891866536,0.6291174990449292,0.7969694574768099,0.602060577852692,0.8240263786690472
Uncivil,Aligned,115,0.9130434782608695,0.28300447554902386,0.026390303420299306,1.9809922979758565,2.6196449891866536,0.8607644904440107,0.9653224660777283,0.843910252142767,0.982176704378972
Uncivil,Opposed,115,0.9043478260869565,0.2954007994940499,0.027546266588623438,1.9809922979758565,2.6196449891866536,0.8497788841369038,0.9589167680370092,0.8321863868472694,0.9765092653266436
