ParticipantID,Order,PoliticalLeaning,Condition,Alignment,Civility,ViolationRecognition,EnforcementSeverity,ContentType,Age,Gender,Ethnicity,Employment,Education,Topic,TopicLabel
iP0141600f8a004b14,Order5,Democrat (Left-aligned),AL-Borderline,Aligned,Borderline,1,2,Political,20,Male,White/Caucasian,Work part time,"Some college credit, no degree",T1,Mamdani; Pooh
iP0141600f8a004b14,Order5,Democrat (Left-aligned),AL-Civil,Aligned,Civil,0,0,Political,20,Male,White/Caucasian,Work part time,"Some college credit, no degree",T5,Laptop/Epstein; Spongebob
iP0141600f8a004b14,Order5,Democrat (Left-aligned),AL-Uncivil,Aligned,Uncivil,1,2,Political,20,Male,White/Caucasian,Work part time,"Some college credit, no degree",T3,Gov. shutdown; Farquaad
iP0141600f8a004b14,Order5,Democrat (Left-aligned),OP-Borderline,Opposed,Borderline,1,2,Political,20,Male,White/Caucasian,Work part time,"Some college credit, no degree",T2,Election sec.; Simpsons
iP0141600f8a004b14,Order5,Democrat (Left-aligned),OP-Civil,Opposed,Civil,0,0,Political,20,Male,White/Caucasian,Work part time,"Some college credit, no degree",T6,Green energy; Spongebob
iP0141600f8a004b14,Order5,Democrat (Left-aligned),OP-Uncivil,Opposed,Uncivil,1,2,Political,20,Male,White/Caucasian,Work part time,"Some college credit, no degree",T4,Economy; Simpsons
iP042ac96f7706a889,Order4,Democrat (Left-aligned),AL-Borderline,Aligned,Borderline,1,1,Political,39,Male,White/Caucasian,Student,Bachelor's degree,T6,Green energy; Spongebob
iP042ac96f7706a889,Order4,Democrat (Left-aligned),AL-Civil,Aligned,Civil,0,0,Political,39,Male,White/Caucasian,Student,Bachelor's degree,T4,Economy; Simpsons
iP042ac96f7706a889,Order4,Democrat (Left-aligned),AL-Uncivil,Aligned,Uncivil,1,3,Political,39,Male,White/Caucasian,Student,Bachelor's degree,T2,Election sec.; Simpsons
iP042ac96f7706a889,Order4,Democrat (Left-aligned),OP-Borderline,Opposed,Borderline,0,0,Political,39,Male,White/Caucasian,Student,Bachelor's degree,T1,Mamdani; Pooh
iP042ac96f7706a889,Order4,Democrat (Left-aligned),OP-Civil,Opposed,Civil,0,0,Political,39,Male,White/Caucasian,Student,Bachelor's degree,T5,Laptop/Epstein; Spongebob
iP042ac96f7706a889,Order4,Democrat (Left-aligned),OP-Uncivil,Opposed,Uncivil,1,4,Political,39,Male,White/Caucasian,Student,Bachelor's degree,T3,Gov. shutdown; Farquaad
iP05303acb955f5eed,Order4,Democrat (Left-aligned),AL-Borderline,Aligned,Borderline,1,1,Political,24,Male,Asian,Student,Bachelor's degree,T6,Green energy; Spongebob
iP05303acb955f5eed,Order4,Democrat (Left-aligned),AL-Civil,Aligned,Civil,0,0,Political,24,Male,Asian,Student,Bachelor's degree,T4,Economy; Simpsons
iP05303acb955f5eed,Order4,Democrat (Left-aligned),AL-Uncivil,Aligned,Uncivil,1,3,Political,24,Male,Asian,Student,Bachelor's degree,T2,Election sec.; Simpsons
iP05303acb955f5eed,Order4,Democrat (Left-aligned),OP-Borderline,Opposed,Borderline,1,2,Political,24,Male,Asian,Student,Bachelor's degree,T1,Mamdani; Pooh
iP05303acb955f5eed,Order4,Democrat (Left-aligned),OP-Civil,Opposed,Civil,0,0,Political,24,Male,Asian,Student,Bachelor's degree,T5,Laptop/Epstein; Spongebob
iP05303acb955f5eed,Order4,Democrat (Left-aligned),OP-Uncivil,Opposed,Uncivil,1,2,Political,24,Male,Asian,Student,Bachelor's degree,T3,Gov. shutdown; Farquaad
iP05dc70d51faf501f,Order6,Republican (Right-aligned),AL-Borderline,Aligned,Borderline,0,0,Political,67,Male,White/Caucasian,Work full time,Associate degree,T3,Gov. shutdown; Farquaad
iP05dc70d51faf501f,Order6,Republican (Right-aligned),AL-Civil,Aligned,Civil,0,0,Political,67,Male,White/Caucasian,Work full time,Associate degree,T1,Mamdani; Pooh
iP05dc70d51faf501f,Order6,Republican (Right-aligned),AL-Uncivil,Aligned,Uncivil,1,3,Political,67,Male,White/Caucasian,Work full time,Associate degree,T5,Laptop/Epstein; Spongebob
iP05dc70d51faf501f,Order6,Republican (Right-aligned),OP-Borderline,Opposed,Borderline,1,2,Political,67,Male,White/Caucasian,Work full time,Associate degree,T2,Election sec.; Simpsons
iP05dc70d51faf501f,Order6,Republican (Right-aligned),OP-Civil,Opposed,Civil,1,1,Political,67,Male,White/Caucasian,Work full time,Associate degree,T6,Green energy; Spongebob
iP05dc70d51faf501f,Order6,Republican (Right-aligned),OP-Uncivil,Opposed,Uncivil,1,3,Political,67,Male,White/Caucasian,Work full time,Associate degree,T4,Economy; Simpsons
iP0647c9fcd925c047,Order4,Democrat (Left-aligned),AL-Borderline,Aligned,Borderline,0,0,Political,66,Female,White/Caucasian,Work full time,Associate degree,T6,Green energy; Spongebob
iP0647c9fcd925c047,Order4,Democrat (Left-aligned),AL-Civil,Aligned,Civil,0,0,Political,66,Female,White/Caucasian,Work full time,Associate degree,T4,Economy; Simpsons
iP0647c9fcd925c047,Order4,Democrat (Left-aligned),AL-Uncivil,Aligned,Uncivil,0,0,Political,66,Female,White/Caucasian,Work full time,Associate degree,T2,Election sec.; Simpsons
iP0647c9fcd925c047,Order4,Democrat (Left-aligned),OP-Borderline,Opposed,Borderline,1,1,Political,66,Female,White/Caucasian,Work full time,Associate degree,T1,Mamdani; Pooh
iP0647c9fcd925c047,Order4,Democrat (Left-aligned),OP-Civil,Opposed,Civil,0,0,Political,66,Female,White/Caucasian,Work full time,Associate degree,T5,Laptop/Epstein; Spongebob
iP0647c9fcd925c047,Order4,Democrat (Left-aligned),OP-Uncivil,Opposed,Uncivil,1,1,Political,66,Female,White/Caucasian,Work full time,Associate degree,T3,Gov. shutdown; Farquaad
iP066cfde9ef3242ca,Order3,Democrat (Left-aligned),AL-Borderline,Aligned,Borderline,0,0,Political,56,Male,White/Caucasian,Work full time,Master's degree,T5,Laptop/Epstein; Spongebob
iP066cfde9ef3242ca,Order3,Democrat (Left-aligned),AL-Civil,Aligned,Civil,0,0,Political,56,Male,White/Caucasian,Work full time,Master's degree,T3,Gov. shutdown; Farquaad
iP066cfde9ef3242ca,Order3,Democrat (Left-aligned),AL-Uncivil,Aligned,Uncivil,1,3,Political,56,Male,White/Caucasian,Work full time,Master's degree,T1,Mamdani; Pooh
iP066cfde9ef3242ca,Order3,Democrat (Left-aligned),OP-Borderline,Opposed,Borderline,0,0,Political,56,Male,White/Caucasian,Work full time,Master's degree,T6,Green energy; Spongebob
iP066cfde9ef3242ca,Order3,Democrat (Left-aligned),OP-Civil,Opposed,Civil,0,0,Political,56,Male,White/Caucasian,Work full time,Master's degree,T4,Economy; Simpsons
iP066cfde9ef3242ca,Order3,Democrat (Left-aligned),OP-Uncivil,Opposed,Uncivil,1,3,Political,56,Male,White/Caucasian,Work full time,Master's degree,T2,Election sec.; Simpsons
iP07969473e31168c8,Order6,Democrat (Left-aligned),AL-Borderline,Aligned,Borderline,1,2,Political,47,Female,Black/African American,Work full time,"Some college credit, no degree",T2,Election sec.; Simpsons
iP07969473e31168c8,Order6,Democrat (Left-aligned),AL-Civil,Aligned,Civil,1,2,Political,47,Female,Black/African American,Work full time,"Some college credit, no degree",T6,Green energy; Spongebob
iP07969473e31168c8,Order6,Democrat (Left-aligned),AL-Uncivil,Aligned,Uncivil,1,2,Political,47,Female,Black/African American,Work full time,"Some college credit, no degree",T4,Economy; Simpsons
iP07969473e31168c8,Order6,Democrat (Left-aligned),OP-Borderline,Opposed,Borderline,1,2,Political,47,Female,Black/African American,Work full time,"Some college credit, no degree",T3,Gov. shutdown; Farquaad
iP07969473e31168c8,Order6,Democrat (Left-aligned),OP-Civil,Opposed,Civil,1,2,Political,47,Female,Black/African American,Work full time,"Some college credit, no degree",T1,Mamdani; Pooh
iP07969473e31168c8,Order6,Democrat (Left-aligned),OP-Uncivil,Opposed,Uncivil,1,2,Political,47,Female,Black/African American,Work full time,"Some college credit, no degree",T5,Laptop/Epstein; Spongebob
iP07a72d4b864089e1,Order3,Democrat (Left-aligned),AL-Borderline,Aligned,Borderline,0,0,Political,74,Male,White/Caucasian,Retired,"Some college credit, no degree",T5,Laptop/Epstein; Spongebob
iP07a72d4b864089e1,Order3,Democrat (Left-aligned),AL-Civil,Aligned,Civil,0,0,Political,74,Male,White/Caucasian,Retired,"Some college credit, no degree",T3,Gov. shutdown; Farquaad
iP07a72d4b864089e1,Order3,Democrat (Left-aligned),AL-Uncivil,Aligned,Uncivil,0,0,Political,74,Male,White/Caucasian,Retired,"Some college credit, no degree",T1,Mamdani; Pooh
iP07a72d4b864089e1,Order3,Democrat (Left-aligned),OP-Borderline,Opposed,Borderline,0,0,Political,74,Male,White/Caucasian,Retired,"Some college credit, no degree",T6,Green energy; Spongebob
iP07a72d4b864089e1,Order3,Democrat (Left-aligned),OP-Civil,Opposed,Civil,0,0,Political,74,Male,White/Caucasian,Retired,"Some college credit, no degree",T4,Economy; Simpsons
iP07a72d4b864089e1,Order3,Democrat (Left-aligned),OP-Uncivil,Opposed,Uncivil,0,0,Political,74,Male,White/Caucasian,Retired,"Some college credit, no degree",T2,Election sec.; Simpsons
iP0b7c6c338bbeb60e,Order4,Republican (Right-aligned),AL-Borderline,Aligned,Borderline,1,4,Political,55,Female,White/Caucasian,Other,Associate degree,T1,Mamdani; Pooh
iP0b7c6c338bbeb60e,Order4,Republican (Right-aligned),AL-Civil,Aligned,Civil,1,3,Political,55,Female,White/Caucasian,Other,Associate degree,T5,Laptop/Epstein; Spongebob
iP0b7c6c338bbeb60e,Order4,Republican (Right-aligned),AL-Uncivil,Aligned,Uncivil,1,4,Political,55,Female,White/Caucasian,Other,Associate degree,T3,Gov. shutdown; Farquaad
iP0b7c6c338bbeb60e,Order4,Republican (Right-aligned),OP-Borderline,Opposed,Borderline,1,4,Political,55,Female,White/Caucasian,Other,Associate degree,T6,Green energy; Spongebob
iP0b7c6c338bbeb60e,Order4,Republican (Right-aligned),OP-Civil,Opposed,Civil,1,3,Political,55,Female,White/Caucasian,Other,Associate degree,T4,Economy; Simpsons
iP0b7c6c338bbeb60e,Order4,Republican (Right-aligned),OP-Uncivil,Opposed,Uncivil,1,4,Political,55,Female,White/Caucasian,Other,Associate degree,T2,Election sec.; Simpsons
iP0bf708af562ad890,Order4,Republican (Right-aligned),AL-Borderline,Aligned,Borderline,1,3,Political,22,Female,Asian,Work part time,Trade/technical/vocational training,T1,Mamdani; Pooh
iP0bf708af562ad890,Order4,Republican (Right-aligned),AL-Civil,Aligned,Civil,1,2,Political,22,Female,Asian,Work part time,Trade/technical/vocational training,T5,Laptop/Epstein; Spongebob
iP0bf708af562ad890,Order4,Republican (Right-aligned),AL-Uncivil,Aligned,Uncivil,1,4,Political,22,Female,Asian,Work part time,Trade/technical/vocational training,T3,Gov. shutdown; Farquaad
iP0bf708af562ad890,Order4,Republican (Right-aligned),OP-Borderline,Opposed,Borderline,1,3,Political,22,Female,Asian,Work part time,Trade/technical/vocational training,T6,Green energy; Spongebob
iP0bf708af562ad890,Order4,Republican (Right-aligned),OP-Civil,Opposed,Civil,1,2,Political,22,Female,Asian,Work part time,Trade/technical/vocational training,T4,Economy; Simpsons
iP0bf708af562ad890,Order4,Republican (Right-aligned),OP-Uncivil,Opposed,Uncivil,1,4,Political,22,Female,Asian,Work part time,Trade/technical/vocational training,T2,Election sec.; Simpsons
iP0d2d043d91b90425,Order1,Democrat (Left-aligned),AL-Borderline,Aligned,Borderline,1,1,Political,28,Female,Black/African American,Work full time,Bachelor's degree,T3,Gov. shutdown; Farquaad
iP0d2d043d91b90425,Order1,Democrat (Left-aligned),AL-Civil,Aligned,Civil,1,2,Political,28,Female,Black/African American,Work full time,Bachelor's degree,T1,Mamdani; Pooh
iP0d2d043d91b90425,Order1,Democrat (Left-aligned),AL-Uncivil,Aligned,Uncivil,1,3,Political,28,Female,Black/African American,Work full time,Bachelor's degree,T5,Laptop/Epstein; Spongebob
iP0d2d043d91b90425,Order1,Democrat (Left-aligned),OP-Borderline,Opposed,Borderline,1,2,Political,28,Female,Black/African American,Work full time,Bachelor's degree,T4,Economy; Simpsons
iP0d2d043d91b90425,Order1,Democrat (Left-aligned),OP-Civil,Opposed,Civil,1,2,Political,28,Female,Black/African American,Work full time,Bachelor's degree,T2,Election sec.; Simpsons
iP0d2d043d91b90425,Order1,Democrat (Left-aligned),OP-Uncivil,Opposed,Uncivil,1,4,Political,28,Female,Black/African American,Work full time,Bachelor's degree,T6,Green energy; Spongebob
iP0d90d2623115dc59,Order1,Republican (Right-aligned),AL-Borderline,Aligned,Borderline,0,0,Political,40,Female,Asian,Work full time,Associate degree,T4,Economy; Simpsons
iP0d90d2623115dc59,Order1,Republican (Right-aligned),AL-Civil,Aligned,Civil,0,0,Political,40,Female,Asian,Work full time,Associate degree,T2,Election sec.; Simpsons
iP0d90d2623115dc59,Order1,Republican (Right-aligned),AL-Uncivil,Aligned,Uncivil,0,0,Political,40,Female,Asian,Work full time,Associate degree,T6,Green energy; Spongebob
iP0d90d2623115dc59,Order1,Republican (Right-aligned),OP-Borderline,Opposed,Borderline,0,0,Political,40,Female,Asian,Work full time,Associate degree,T3,Gov. shutdown; Farquaad
iP0d90d2623115dc59,Order1,Republican (Right-aligned),OP-Civil,Opposed,Civil,0,0,Political,40,Female,Asian,Work full time,Associate degree,T1,Mamdani; Pooh
iP0d90d2623115dc59,Order1,Republican (Right-aligned),OP-Uncivil,Opposed,Uncivil,0,0,Political,40,Female,Asian,Work full time,Associate degree,T5,Laptop/Epstein; Spongebob
iP0dbb8af3721de7da,Order4,Democrat (Left-aligned),AL-Borderline,Aligned,Borderline,1,1,Political,54,Male,White/Caucasian,Unemployed - not looking for work,"High school graduate, diploma or the equivalent (for example: GED)",T6,Green energy; Spongebob
iP0dbb8af3721de7da,Order4,Democrat (Left-aligned),AL-Civil,Aligned,Civil,0,0,Political,54,Male,White/Caucasian,Unemployed - not looking for work,"High school graduate, diploma or the equivalent (for example: GED)",T4,Economy; Simpsons
iP0dbb8af3721de7da,Order4,Democrat (Left-aligned),AL-Uncivil,Aligned,Uncivil,1,1,Political,54,Male,White/Caucasian,Unemployed - not looking for work,"High school graduate, diploma or the equivalent (for example: GED)",T2,Election sec.; Simpsons
iP0dbb8af3721de7da,Order4,Democrat (Left-aligned),OP-Borderline,Opposed,Borderline,1,1,Political,54,Male,White/Caucasian,Unemployed - not looking for work,"High school graduate, diploma or the equivalent (for example: GED)",T1,Mamdani; Pooh
iP0dbb8af3721de7da,Order4,Democrat (Left-aligned),OP-Civil,Opposed,Civil,1,1,Political,54,Male,White/Caucasian,Unemployed - not looking for work,"High school graduate, diploma or the equivalent (for example: GED)",T5,Laptop/Epstein; Spongebob
iP0dbb8af3721de7da,Order4,Democrat (Left-aligned),OP-Uncivil,Opposed,Uncivil,1,1,Political,54,Male,White/Caucasian,Unemployed - not looking for work,"High school graduate, diploma or the equivalent (for example: GED)",T3,Gov. shutdown; Farquaad
iP0e09df3326a1e8d6,Order5,Republican (Right-aligned),AL-Borderline,Aligned,Borderline,1,2,Political,35,Male,Black/African American,Work full time,Master's degree,T2,Election sec.; Simpsons
iP0e09df3326a1e8d6,Order5,Republican (Right-aligned),AL-Civil,Aligned,Civil,0,0,Political,35,Male,Black/African American,Work full time,Master's degree,T6,Green energy; Spongebob
iP0e09df3326a1e8d6,Order5,Republican (Right-aligned),AL-Uncivil,Aligned,Uncivil,1,2,Political,35,Male,Black/African American,Work full time,Master's degree,T4,Economy; Simpsons
iP0e09df3326a1e8d6,Order5,Republican (Right-aligned),OP-Borderline,Opposed,Borderline,0,0,Political,35,Male,Black/African American,Work full time,Master's degree,T1,Mamdani; Pooh
iP0e09df3326a1e8d6,Order5,Republican (Right-aligned),OP-Civil,Opposed,Civil,0,0,Political,35,Male,Black/African American,Work full time,Master's degree,T5,Laptop/Epstein; Spongebob
iP0e09df3326a1e8d6,Order5,Republican (Right-aligned),OP-Uncivil,Opposed,Uncivil,1,2,Political,35,Male,Black/African American,Work full time,Master's degree,T3,Gov. shutdown; Farquaad
iP0e2b9c299c9f6b49,Order6,Democrat (Left-aligned),AL-Borderline,Aligned,Borderline,0,0,Political,57,Male,White/Caucasian,Work part time,"Some college credit, no degree",T2,Election sec.; Simpsons
iP0e2b9c299c9f6b49,Order6,Democrat (Left-aligned),AL-Civil,Aligned,Civil,0,0,Political,57,Male,White/Caucasian,Work part time,"Some college credit, no degree",T6,Green energy; Spongebob
iP0e2b9c299c9f6b49,Order6,Democrat (Left-aligned),AL-Uncivil,Aligned,Uncivil,1,1,Political,57,Male,White/Caucasian,Work part time,"Some college credit, no degree",T4,Economy; Simpsons
iP0e2b9c299c9f6b49,Order6,Democrat (Left-aligned),OP-Borderline,Opposed,Borderline,0,0,Political,57,Male,White/Caucasian,Work part time,"Some college credit, no degree",T3,Gov. shutdown; Farquaad
iP0e2b9c299c9f6b49,Order6,Democrat (Left-aligned),OP-Civil,Opposed,Civil,0,0,Political,57,Male,White/Caucasian,Work part time,"Some college credit, no degree",T1,Mamdani; Pooh
iP0e2b9c299c9f6b49,Order6,Democrat (Left-aligned),OP-Uncivil,Opposed,Uncivil,1,1,Political,57,Male,White/Caucasian,Work part time,"Some college credit, no degree",T5,Laptop/Epstein; Spongebob
iP0f85a437f6e2e595,Order1,Democrat (Left-aligned),AL-Borderline,Aligned,Borderline,1,2,Political,54,Female,Other race or ethnicity,Work full time,Associate degree,T3,Gov. shutdown; Farquaad
iP0f85a437f6e2e595,Order1,Democrat (Left-aligned),AL-Civil,Aligned,Civil,1,2,Political,54,Female,Other race or ethnicity,Work full time,Associate degree,T1,Mamdani; Pooh
iP0f85a437f6e2e595,Order1,Democrat (Left-aligned),AL-Uncivil,Aligned,Uncivil,1,2,Political,54,Female,Other race or ethnicity,Work full time,Associate degree,T5,Laptop/Epstein; Spongebob
iP0f85a437f6e2e595,Order1,Democrat (Left-aligned),OP-Borderline,Opposed,Borderline,1,2,Political,54,Female,Other race or ethnicity,Work full time,Associate degree,T4,Economy; Simpsons
iP0f85a437f6e2e595,Order1,Democrat (Left-aligned),OP-Civil,Opposed,Civil,1,2,Political,54,Female,Other race or ethnicity,Work full time,Associate degree,T2,Election sec.; Simpsons
iP0f85a437f6e2e595,Order1,Democrat (Left-aligned),OP-Uncivil,Opposed,Uncivil,1,2,Political,54,Female,Other race or ethnicity,Work full time,Associate degree,T6,Green energy; Spongebob
iP0fafb8854592bb6f,Order1,Republican (Right-aligned),AL-Borderline,Aligned,Borderline,0,0,Political,25,Male,Other race or ethnicity,Unemployed - looking for work,"Some college credit, no degree",T4,Economy; Simpsons
iP0fafb8854592bb6f,Order1,Republican (Right-aligned),AL-Civil,Aligned,Civil,0,0,Political,25,Male,Other race or ethnicity,Unemployed - looking for work,"Some college credit, no degree",T2,Election sec.; Simpsons
iP0fafb8854592bb6f,Order1,Republican (Right-aligned),AL-Uncivil,Aligned,Uncivil,1,1,Political,25,Male,Other race or ethnicity,Unemployed - looking for work,"Some college credit, no degree",T6,Green energy; Spongebob
iP0fafb8854592bb6f,Order1,Republican (Right-aligned),OP-Borderline,Opposed,Borderline,0,0,Political,25,Male,Other race or ethnicity,Unemployed - looking for work,"Some college credit, no degree",T3,Gov. shutdown; Farquaad
iP0fafb8854592bb6f,Order1,Republican (Right-aligned),OP-Civil,Opposed,Civil,0,0,Political,25,Male,Other race or ethnicity,Unemployed - looking for work,"Some college credit, no degree",T1,Mamdani; Pooh
iP0fafb8854592bb6f,Order1,Republican (Right-aligned),OP-Uncivil,Opposed,Uncivil,0,0,Political,25,Male,Other race or ethnicity,Unemployed - looking for work,"Some college credit, no degree",T5,Laptop/Epstein; Spongebob
iP126021b686bcac6e,Order6,Republican (Right-aligned),AL-Borderline,Aligned,Borderline,1,2,Political,56,Male,White/Caucasian,Work full time,Bachelor's degree,T3,Gov. shutdown; Farquaad
iP126021b686bcac6e,Order6,Republican (Right-aligned),AL-Civil,Aligned,Civil,1,1,Political,56,Male,White/Caucasian,Work full time,Bachelor's degree,T1,Mamdani; Pooh
iP126021b686bcac6e,Order6,Republican (Right-aligned),AL-Uncivil,Aligned,Uncivil,1,1,Political,56,Male,White/Caucasian,Work full time,Bachelor's degree,T5,Laptop/Epstein; Spongebob
iP126021b686bcac6e,Order6,Republican (Right-aligned),OP-Borderline,Opposed,Borderline,1,3,Political,56,Male,White/Caucasian,Work full time,Bachelor's degree,T2,Election sec.; Simpsons
iP126021b686bcac6e,Order6,Republican (Right-aligned),OP-Civil,Opposed,Civil,1,2,Political,56,Male,White/Caucasian,Work full time,Bachelor's degree,T6,Green energy; Spongebob
iP126021b686bcac6e,Order6,Republican (Right-aligned),OP-Uncivil,Opposed,Uncivil,1,4,Political,56,Male,White/Caucasian,Work full time,Bachelor's degree,T4,Economy; Simpsons
iP14eaa1a0e99322ea,Order6,Democrat (Left-aligned),AL-Borderline,Aligned,Borderline,1,1,Political,33,Female,White/Caucasian,Unemployed - not looking for work,Bachelor's degree,T2,Election sec.; Simpsons
iP14eaa1a0e99322ea,Order6,Democrat (Left-aligned),AL-Civil,Aligned,Civil,0,0,Political,33,Female,White/Caucasian,Unemployed - not looking for work,Bachelor's degree,T6,Green energy; Spongebob
iP14eaa1a0e99322ea,Order6,Democrat (Left-aligned),AL-Uncivil,Aligned,Uncivil,1,4,Political,33,Female,White/Caucasian,Unemployed - not looking for work,Bachelor's degree,T4,Economy; Simpsons
iP14eaa1a0e99322ea,Order6,Democrat (Left-aligned),OP-Borderline,Opposed,Borderline,0,0,Political,33,Female,White/Caucasian,Unemployed - not looking for work,Bachelor's degree,T3,Gov. shutdown; Farquaad
iP14eaa1a0e99322ea,Order6,Democrat (Left-aligned),OP-Civil,Opposed,Civil,0,0,Political,33,Female,White/Caucasian,Unemployed - not looking for work,Bachelor's degree,T1,Mamdani; Pooh
iP14eaa1a0e99322ea,Order6,Democrat (Left-aligned),OP-Uncivil,Opposed,Uncivil,1,4,Political,33,Female,White/Caucasian,Unemployed - not looking for work,Bachelor's degree,T5,Laptop/Epstein; Spongebob
iP15016655c6fc8550,Order3,Democrat (Left-aligned),AL-Borderline,Aligned,Borderline,0,0,Political,30,Female,White/Caucasian,Other,Bachelor's degree,T5,Laptop/Epstein; Spongebob
iP15016655c6fc8550,Order3,Democrat (Left-aligned),AL-Civil,Aligned,Civil,0,0,Political,30,Female,White/Caucasian,Other,Bachelor's degree,T3,Gov. shutdown; Farquaad
iP15016655c6fc8550,Order3,Democrat (Left-aligned),AL-Uncivil,Aligned,Uncivil,1,2,Political,30,Female,White/Caucasian,Other,Bachelor's degree,T1,Mamdani; Pooh
iP15016655c6fc8550,Order3,Democrat (Left-aligned),OP-Borderline,Opposed,Borderline,0,0,Political,30,Female,White/Caucasian,Other,Bachelor's degree,T6,Green energy; Spongebob
iP15016655c6fc8550,Order3,Democrat (Left-aligned),OP-Civil,Opposed,Civil,0,0,Political,30,Female,White/Caucasian,Other,Bachelor's degree,T4,Economy; Simpsons
iP15016655c6fc8550,Order3,Democrat (Left-aligned),OP-Uncivil,Opposed,Uncivil,1,3,Political,30,Female,White/Caucasian,Other,Bachelor's degree,T2,Election sec.; Simpsons
iP15c66dbcd79dfe45,Order3,Republican (Right-aligned),AL-Borderline,Aligned,Borderline,1,2,Political,89,Male,White/Caucasian,Retired,Bachelor's degree,T6,Green energy; Spongebob
iP15c66dbcd79dfe45,Order3,Republican (Right-aligned),AL-Civil,Aligned,Civil,1,2,Political,89,Male,White/Caucasian,Retired,Bachelor's degree,T4,Economy; Simpsons
iP15c66dbcd79dfe45,Order3,Republican (Right-aligned),AL-Uncivil,Aligned,Uncivil,1,2,Political,89,Male,White/Caucasian,Retired,Bachelor's degree,T2,Election sec.; Simpsons
iP15c66dbcd79dfe45,Order3,Republican (Right-aligned),OP-Borderline,Opposed,Borderline,1,2,Political,89,Male,White/Caucasian,Retired,Bachelor's degree,T5,Laptop/Epstein; Spongebob
iP15c66dbcd79dfe45,Order3,Republican (Right-aligned),OP-Civil,Opposed,Civil,1,2,Political,89,Male,White/Caucasian,Retired,Bachelor's degree,T3,Gov. shutdown; Farquaad
iP15c66dbcd79dfe45,Order3,Republican (Right-aligned),OP-Uncivil,Opposed,Uncivil,1,2,Political,89,Male,White/Caucasian,Retired,Bachelor's degree,T1,Mamdani; Pooh
iP1673ba1066f02445,Order4,Republican (Right-aligned),AL-Borderline,Aligned,Borderline,0,0,Political,45,Male,Other race or ethnicity,Work part time,Master's degree,T1,Mamdani; Pooh
iP1673ba1066f02445,Order4,Republican (Right-aligned),AL-Civil,Aligned,Civil,1,1,Political,45,Male,Other race or ethnicity,Work part time,Master's degree,T5,Laptop/Epstein; Spongebob
iP1673ba1066f02445,Order4,Republican (Right-aligned),AL-Uncivil,Aligned,Uncivil,1,3,Political,45,Male,Other race or ethnicity,Work part time,Master's degree,T3,Gov. shutdown; Farquaad
iP1673ba1066f02445,Order4,Republican (Right-aligned),OP-Borderline,Opposed,Borderline,0,0,Political,45,Male,Other race or ethnicity,Work part time,Master's degree,T6,Green energy; Spongebob
iP1673ba1066f02445,Order4,Republican (Right-aligned),OP-Civil,Opposed,Civil,0,0,Political,45,Male,Other race or ethnicity,Work part time,Master's degree,T4,Economy; Simpsons
iP1673ba1066f02445,Order4,Republican (Right-aligned),OP-Uncivil,Opposed,Uncivil,1,3,Political,45,Male,Other race or ethnicity,Work part time,Master's degree,T2,Election sec.; Simpsons
iP18a809fe84834d45,Order6,Democrat (Left-aligned),AL-Borderline,Aligned,Borderline,1,2,Political,47,Female,Black/African American,Work full time,"Some college credit, no degree",T2,Election sec.; Simpsons
iP18a809fe84834d45,Order6,Democrat (Left-aligned),AL-Civil,Aligned,Civil,0,0,Political,47,Female,Black/African American,Work full time,"Some college credit, no degree",T6,Green energy; Spongebob
iP18a809fe84834d45,Order6,Democrat (Left-aligned),AL-Uncivil,Aligned,Uncivil,1,2,Political,47,Female,Black/African American,Work full time,"Some college credit, no degree",T4,Economy; Simpsons
iP18a809fe84834d45,Order6,Democrat (Left-aligned),OP-Borderline,Opposed,Borderline,1,2,Political,47,Female,Black/African American,Work full time,"Some college credit, no degree",T3,Gov. shutdown; Farquaad
iP18a809fe84834d45,Order6,Democrat (Left-aligned),OP-Civil,Opposed,Civil,1,2,Political,47,Female,Black/African American,Work full time,"Some college credit, no degree",T1,Mamdani; Pooh
iP18a809fe84834d45,Order6,Democrat (Left-aligned),OP-Uncivil,Opposed,Uncivil,1,2,Political,47,Female,Black/African American,Work full time,"Some college credit, no degree",T5,Laptop/Epstein; Spongebob
iP1950164fe549d745,Order5,Democrat (Left-aligned),AL-Borderline,Aligned,Borderline,1,1,Political,35,Male,White/Caucasian,Work full time,Bachelor's degree,T1,Mamdani; Pooh
iP1950164fe549d745,Order5,Democrat (Left-aligned),AL-Civil,Aligned,Civil,1,1,Political,35,Male,White/Caucasian,Work full time,Bachelor's degree,T5,Laptop/Epstein; Spongebob
iP1950164fe549d745,Order5,Democrat (Left-aligned),AL-Uncivil,Aligned,Uncivil,0,0,Political,35,Male,White/Caucasian,Work full time,Bachelor's degree,T3,Gov. shutdown; Farquaad
iP1950164fe549d745,Order5,Democrat (Left-aligned),OP-Borderline,Opposed,Borderline,0,0,Political,35,Male,White/Caucasian,Work full time,Bachelor's degree,T2,Election sec.; Simpsons
iP1950164fe549d745,Order5,Democrat (Left-aligned),OP-Civil,Opposed,Civil,0,0,Political,35,Male,White/Caucasian,Work full time,Bachelor's degree,T6,Green energy; Spongebob
iP1950164fe549d745,Order5,Democrat (Left-aligned),OP-Uncivil,Opposed,Uncivil,1,1,Political,35,Male,White/Caucasian,Work full time,Bachelor's degree,T4,Economy; Simpsons
iP19d7306adf74ad1d,Order5,Democrat (Left-aligned),AL-Borderline,Aligned,Borderline,0,0,Political,53,Male,White/Caucasian,Work full time,Bachelor's degree,T1,Mamdani; Pooh
iP19d7306adf74ad1d,Order5,Democrat (Left-aligned),AL-Civil,Aligned,Civil,0,0,Political,53,Male,White/Caucasian,Work full time,Bachelor's degree,T5,Laptop/Epstein; Spongebob
iP19d7306adf74ad1d,Order5,Democrat (Left-aligned),AL-Uncivil,Aligned,Uncivil,1,3,Political,53,Male,White/Caucasian,Work full time,Bachelor's degree,T3,Gov. shutdown; Farquaad
iP19d7306adf74ad1d,Order5,Democrat (Left-aligned),OP-Borderline,Opposed,Borderline,0,0,Political,53,Male,White/Caucasian,Work full time,Bachelor's degree,T2,Election sec.; Simpsons
iP19d7306adf74ad1d,Order5,Democrat (Left-aligned),OP-Civil,Opposed,Civil,0,0,Political,53,Male,White/Caucasian,Work full time,Bachelor's degree,T6,Green energy; Spongebob
iP19d7306adf74ad1d,Order5,Democrat (Left-aligned),OP-Uncivil,Opposed,Uncivil,1,3,Political,53,Male,White/Caucasian,Work full time,Bachelor's degree,T4,Economy; Simpsons
iP1aa7cc479710d9be,Order5,Democrat (Left-aligned),AL-Borderline,Aligned,Borderline,0,0,Political,61,Female,White/Caucasian,Retired,"High school graduate, diploma or the equivalent (for example: GED)",T1,Mamdani; Pooh
iP1aa7cc479710d9be,Order5,Democrat (Left-aligned),AL-Civil,Aligned,Civil,0,0,Political,61,Female,White/Caucasian,Retired,"High school graduate, diploma or the equivalent (for example: GED)",T5,Laptop/Epstein; Spongebob
iP1aa7cc479710d9be,Order5,Democrat (Left-aligned),AL-Uncivil,Aligned,Uncivil,1,3,Political,61,Female,White/Caucasian,Retired,"High school graduate, diploma or the equivalent (for example: GED)",T3,Gov. shutdown; Farquaad
iP1aa7cc479710d9be,Order5,Democrat (Left-aligned),OP-Borderline,Opposed,Borderline,0,0,Political,61,Female,White/Caucasian,Retired,"High school graduate, diploma or the equivalent (for example: GED)",T2,Election sec.; Simpsons
iP1aa7cc479710d9be,Order5,Democrat (Left-aligned),OP-Civil,Opposed,Civil,0,0,Political,61,Female,White/Caucasian,Retired,"High school graduate, diploma or the equivalent (for example: GED)",T6,Green energy; Spongebob
iP1aa7cc479710d9be,Order5,Democrat (Left-aligned),OP-Uncivil,Opposed,Uncivil,1,3,Political,61,Female,White/Caucasian,Retired,"High school graduate, diploma or the equivalent (for example: GED)",T4,Economy; Simpsons
iP1b353dc3f0d4fd33,Order2,Democrat (Left-aligned),AL-Borderline,Aligned,Borderline,1,1,Political,23,Male,Other race or ethnicity,Work full time,Bachelor's degree,T4,Economy; Simpsons
iP1b353dc3f0d4fd33,Order2,Democrat (Left-aligned),AL-Civil,Aligned,Civil,0,0,Political,23,Male,Other race or ethnicity,Work full time,Bachelor's degree,T2,Election sec.; Simpsons
iP1b353dc3f0d4fd33,Order2,Democrat (Left-aligned),AL-Uncivil,Aligned,Uncivil,1,1,Political,23,Male,Other race or ethnicity,Work full time,Bachelor's degree,T6,Green energy; Spongebob
iP1b353dc3f0d4fd33,Order2,Democrat (Left-aligned),OP-Borderline,Opposed,Borderline,1,1,Political,23,Male,Other race or ethnicity,Work full time,Bachelor's degree,T5,Laptop/Epstein; Spongebob
iP1b353dc3f0d4fd33,Order2,Democrat (Left-aligned),OP-Civil,Opposed,Civil,0,0,Political,23,Male,Other race or ethnicity,Work full time,Bachelor's degree,T3,Gov. shutdown; Farquaad
iP1b353dc3f0d4fd33,Order2,Democrat (Left-aligned),OP-Uncivil,Opposed,Uncivil,1,4,Political,23,Male,Other race or ethnicity,Work full time,Bachelor's degree,T1,Mamdani; Pooh
iP1eaff6c8fe769bc2,Order6,Democrat (Left-aligned),AL-Borderline,Aligned,Borderline,0,0,Political,38,Male,White/Caucasian,Work full time,Bachelor's degree,T2,Election sec.; Simpsons
iP1eaff6c8fe769bc2,Order6,Democrat (Left-aligned),AL-Civil,Aligned,Civil,0,0,Political,38,Male,White/Caucasian,Work full time,Bachelor's degree,T6,Green energy; Spongebob
iP1eaff6c8fe769bc2,Order6,Democrat (Left-aligned),AL-Uncivil,Aligned,Uncivil,1,3,Political,38,Male,White/Caucasian,Work full time,Bachelor's degree,T4,Economy; Simpsons
iP1eaff6c8fe769bc2,Order6,Democrat (Left-aligned),OP-Borderline,Opposed,Borderline,0,0,Political,38,Male,White/Caucasian,Work full time,Bachelor's degree,T3,Gov. shutdown; Farquaad
iP1eaff6c8fe769bc2,Order6,Democrat (Left-aligned),OP-Civil,Opposed,Civil,0,0,Political,38,Male,White/Caucasian,Work full time,Bachelor's degree,T1,Mamdani; Pooh
iP1eaff6c8fe769bc2,Order6,Democrat (Left-aligned),OP-Uncivil,Opposed,Uncivil,1,4,Political,38,Male,White/Caucasian,Work full time,Bachelor's degree,T5,Laptop/Epstein; Spongebob
iP209b8727c71b19c4,Order3,Republican (Right-aligned),AL-Borderline,Aligned,Borderline,1,1,Political,20,Female,White/Caucasian,Work part time,Less than high school graduate,T6,Green energy; Spongebob
iP209b8727c71b19c4,Order3,Republican (Right-aligned),AL-Civil,Aligned,Civil,1,1,Political,20,Female,White/Caucasian,Work part time,Less than high school graduate,T4,Economy; Simpsons
iP209b8727c71b19c4,Order3,Republican (Right-aligned),AL-Uncivil,Aligned,Uncivil,1,2,Political,20,Female,White/Caucasian,Work part time,Less than high school graduate,T2,Election sec.; Simpsons
iP209b8727c71b19c4,Order3,Republican (Right-aligned),OP-Borderline,Opposed,Borderline,1,1,Political,20,Female,White/Caucasian,Work part time,Less than high school graduate,T5,Laptop/Epstein; Spongebob
iP209b8727c71b19c4,Order3,Republican (Right-aligned),OP-Civil,Opposed,Civil,0,0,Political,20,Female,White/Caucasian,Work part time,Less than high school graduate,T3,Gov. shutdown; Farquaad
iP209b8727c71b19c4,Order3,Republican (Right-aligned),OP-Uncivil,Opposed,Uncivil,1,1,Political,20,Female,White/Caucasian,Work part time,Less than high school graduate,T1,Mamdani; Pooh
iP227c0b54ba4a3c43,Order6,Republican (Right-aligned),AL-Borderline,Aligned,Borderline,0,0,Political,49,Female,White/Caucasian,Work part time,"Some college credit, no degree",T3,Gov. shutdown; Farquaad
iP227c0b54ba4a3c43,Order6,Republican (Right-aligned),AL-Civil,Aligned,Civil,1,2,Political,49,Female,White/Caucasian,Work part time,"Some college credit, no degree",T1,Mamdani; Pooh
iP227c0b54ba4a3c43,Order6,Republican (Right-aligned),AL-Uncivil,Aligned,Uncivil,1,2,Political,49,Female,White/Caucasian,Work part time,"Some college credit, no degree",T5,Laptop/Epstein; Spongebob
iP227c0b54ba4a3c43,Order6,Republican (Right-aligned),OP-Borderline,Opposed,Borderline,1,2,Political,49,Female,White/Caucasian,Work part time,"Some college credit, no degree",T2,Election sec.; Simpsons
iP227c0b54ba4a3c43,Order6,Republican (Right-aligned),OP-Civil,Opposed,Civil,1,2,Political,49,Female,White/Caucasian,Work part time,"Some college credit, no degree",T6,Green energy; Spongebob
iP227c0b54ba4a3c43,Order6,Republican (Right-aligned),OP-Uncivil,Opposed,Uncivil,1,3,Political,49,Female,White/Caucasian,Work part time,"Some college credit, no degree",T4,Economy; Simpsons
iP22c83f5b5c33d3ee,Order1,Republican (Right-aligned),AL-Borderline,Aligned,Borderline,0,0,Political,41,Female,Black/African American,Unemployed - not looking for work,"High school graduate, diploma or the equivalent (for example: GED)",T4,Economy; Simpsons
iP22c83f5b5c33d3ee,Order1,Republican (Right-aligned),AL-Civil,Aligned,Civil,0,0,Political,41,Female,Black/African American,Unemployed - not looking for work,"High school graduate, diploma or the equivalent (for example: GED)",T2,Election sec.; Simpsons
iP22c83f5b5c33d3ee,Order1,Republican (Right-aligned),AL-Uncivil,Aligned,Uncivil,1,4,Political,41,Female,Black/African American,Unemployed - not looking for work,"High school graduate, diploma or the equivalent (for example: GED)",T6,Green energy; Spongebob
iP22c83f5b5c33d3ee,Order1,Republican (Right-aligned),OP-Borderline,Opposed,Borderline,0,0,Political,41,Female,Black/African American,Unemployed - not looking for work,"High school graduate, diploma or the equivalent (for example: GED)",T3,Gov. shutdown; Farquaad
iP22c83f5b5c33d3ee,Order1,Republican (Right-aligned),OP-Civil,Opposed,Civil,0,0,Political,41,Female,Black/African American,Unemployed - not looking for work,"High school graduate, diploma or the equivalent (for example: GED)",T1,Mamdani; Pooh
iP22c83f5b5c33d3ee,Order1,Republican (Right-aligned),OP-Uncivil,Opposed,Uncivil,1,4,Political,41,Female,Black/African American,Unemployed - not looking for work,"High school graduate, diploma or the equivalent (for example: GED)",T5,Laptop/Epstein; Spongebob
iP231e8e77a2ee39ce,Order2,Republican (Right-aligned),AL-Borderline,Aligned,Borderline,1,4,Political,69,Female,White/Caucasian,Work part time,Bachelor's degree,T5,Laptop/Epstein; Spongebob
iP231e8e77a2ee39ce,Order2,Republican (Right-aligned),AL-Civil,Aligned,Civil,1,4,Political,69,Female,White/Caucasian,Work part time,Bachelor's degree,T3,Gov. shutdown; Farquaad
iP231e8e77a2ee39ce,Order2,Republican (Right-aligned),AL-Uncivil,Aligned,Uncivil,1,4,Political,69,Female,White/Caucasian,Work part time,Bachelor's degree,T1,Mamdani; Pooh
iP231e8e77a2ee39ce,Order2,Republican (Right-aligned),OP-Borderline,Opposed,Borderline,1,3,Political,69,Female,White/Caucasian,Work part time,Bachelor's degree,T4,Economy; Simpsons
iP231e8e77a2ee39ce,Order2,Republican (Right-aligned),OP-Civil,Opposed,Civil,1,2,Political,69,Female,White/Caucasian,Work part time,Bachelor's degree,T2,Election sec.; Simpsons
iP231e8e77a2ee39ce,Order2,Republican (Right-aligned),OP-Uncivil,Opposed,Uncivil,1,3,Political,69,Female,White/Caucasian,Work part time,Bachelor's degree,T6,Green energy; Spongebob
iP23c207a95eea5ead,Order4,Democrat (Left-aligned),AL-Borderline,Aligned,Borderline,1,2,Political,28,Female,White/Caucasian,Homemaker,"High school graduate, diploma or the equivalent (for example: GED)",T6,Green energy; Spongebob
iP23c207a95eea5ead,Order4,Democrat (Left-aligned),AL-Civil,Aligned,Civil,1,2,Political,28,Female,White/Caucasian,Homemaker,"High school graduate, diploma or the equivalent (for example: GED)",T4,Economy; Simpsons
iP23c207a95eea5ead,Order4,Democrat (Left-aligned),AL-Uncivil,Aligned,Uncivil,1,2,Political,28,Female,White/Caucasian,Homemaker,"High school graduate, diploma or the equivalent (for example: GED)",T2,Election sec.; Simpsons
iP23c207a95eea5ead,Order4,Democrat (Left-aligned),OP-Borderline,Opposed,Borderline,1,2,Political,28,Female,White/Caucasian,Homemaker,"High school graduate, diploma or the equivalent (for example: GED)",T1,Mamdani; Pooh
iP23c207a95eea5ead,Order4,Democrat (Left-aligned),OP-Civil,Opposed,Civil,1,2,Political,28,Female,White/Caucasian,Homemaker,"High school graduate, diploma or the equivalent (for example: GED)",T5,Laptop/Epstein; Spongebob
iP23c207a95eea5ead,Order4,Democrat (Left-aligned),OP-Uncivil,Opposed,Uncivil,1,4,Political,28,Female,White/Caucasian,Homemaker,"High school graduate, diploma or the equivalent (for example: GED)",T3,Gov. shutdown; Farquaad
iP23d23cd7466f0a8a,Order1,Republican (Right-aligned),AL-Borderline,Aligned,Borderline,0,0,Political,50,Female,White/Caucasian,Work full time,"High school graduate, diploma or the equivalent (for example: GED)",T4,Economy; Simpsons
iP23d23cd7466f0a8a,Order1,Republican (Right-aligned),AL-Civil,Aligned,Civil,0,0,Political,50,Female,White/Caucasian,Work full time,"High school graduate, diploma or the equivalent (for example: GED)",T2,Election sec.; Simpsons
iP23d23cd7466f0a8a,Order1,Republican (Right-aligned),AL-Uncivil,Aligned,Uncivil,1,3,Political,50,Female,White/Caucasian,Work full time,"High school graduate, diploma or the equivalent (for example: GED)",T6,Green energy; Spongebob
iP23d23cd7466f0a8a,Order1,Republican (Right-aligned),OP-Borderline,Opposed,Borderline,0,0,Political,50,Female,White/Caucasian,Work full time,"High school graduate, diploma or the equivalent (for example: GED)",T3,Gov. shutdown; Farquaad
iP23d23cd7466f0a8a,Order1,Republican (Right-aligned),OP-Civil,Opposed,Civil,0,0,Political,50,Female,White/Caucasian,Work full time,"High school graduate, diploma or the equivalent (for example: GED)",T1,Mamdani; Pooh
iP23d23cd7466f0a8a,Order1,Republican (Right-aligned),OP-Uncivil,Opposed,Uncivil,1,3,Political,50,Female,White/Caucasian,Work full time,"High school graduate, diploma or the equivalent (for example: GED)",T5,Laptop/Epstein; Spongebob
iP24cec73bc69809db,Order5,Republican (Right-aligned),AL-Borderline,Aligned,Borderline,0,0,Political,30,Male,Other race or ethnicity,Work full time,Bachelor's degree,T2,Election sec.; Simpsons
iP24cec73bc69809db,Order5,Republican (Right-aligned),AL-Civil,Aligned,Civil,0,0,Political,30,Male,Other race or ethnicity,Work full time,Bachelor's degree,T6,Green energy; Spongebob
iP24cec73bc69809db,Order5,Republican (Right-aligned),AL-Uncivil,Aligned,Uncivil,1,2,Political,30,Male,Other race or ethnicity,Work full time,Bachelor's degree,T4,Economy; Simpsons
iP24cec73bc69809db,Order5,Republican (Right-aligned),OP-Borderline,Opposed,Borderline,0,0,Political,30,Male,Other race or ethnicity,Work full time,Bachelor's degree,T1,Mamdani; Pooh
iP24cec73bc69809db,Order5,Republican (Right-aligned),OP-Civil,Opposed,Civil,0,0,Political,30,Male,Other race or ethnicity,Work full time,Bachelor's degree,T5,Laptop/Epstein; Spongebob
iP24cec73bc69809db,Order5,Republican (Right-aligned),OP-Uncivil,Opposed,Uncivil,0,0,Political,30,Male,Other race or ethnicity,Work full time,Bachelor's degree,T3,Gov. shutdown; Farquaad
iP25ca70e220487b9d,Order3,Republican (Right-aligned),AL-Borderline,Aligned,Borderline,1,1,Political,42,Male,White/Caucasian,Work full time,Master's degree,T6,Green energy; Spongebob
iP25ca70e220487b9d,Order3,Republican (Right-aligned),AL-Civil,Aligned,Civil,1,1,Political,42,Male,White/Caucasian,Work full time,Master's degree,T4,Economy; Simpsons
iP25ca70e220487b9d,Order3,Republican (Right-aligned),AL-Uncivil,Aligned,Uncivil,1,1,Political,42,Male,White/Caucasian,Work full time,Master's degree,T2,Election sec.; Simpsons
iP25ca70e220487b9d,Order3,Republican (Right-aligned),OP-Borderline,Opposed,Borderline,1,1,Political,42,Male,White/Caucasian,Work full time,Master's degree,T5,Laptop/Epstein; Spongebob
iP25ca70e220487b9d,Order3,Republican (Right-aligned),OP-Civil,Opposed,Civil,0,0,Political,42,Male,White/Caucasian,Work full time,Master's degree,T3,Gov. shutdown; Farquaad
iP25ca70e220487b9d,Order3,Republican (Right-aligned),OP-Uncivil,Opposed,Uncivil,1,2,Political,42,Male,White/Caucasian,Work full time,Master's degree,T1,Mamdani; Pooh
iP28698e03289f2b42,Order4,Republican (Right-aligned),AL-Borderline,Aligned,Borderline,1,1,Political,70,Male,White/Caucasian,Retired,Less than high school graduate,T1,Mamdani; Pooh
iP28698e03289f2b42,Order4,Republican (Right-aligned),AL-Civil,Aligned,Civil,0,0,Political,70,Male,White/Caucasian,Retired,Less than high school graduate,T5,Laptop/Epstein; Spongebob
iP28698e03289f2b42,Order4,Republican (Right-aligned),AL-Uncivil,Aligned,Uncivil,1,2,Political,70,Male,White/Caucasian,Retired,Less than high school graduate,T3,Gov. shutdown; Farquaad
iP28698e03289f2b42,Order4,Republican (Right-aligned),OP-Borderline,Opposed,Borderline,0,0,Political,70,Male,White/Caucasian,Retired,Less than high school graduate,T6,Green energy; Spongebob
iP28698e03289f2b42,Order4,Republican (Right-aligned),OP-Civil,Opposed,Civil,0,0,Political,70,Male,White/Caucasian,Retired,Less than high school graduate,T4,Economy; Simpsons
iP28698e03289f2b42,Order4,Republican (Right-aligned),OP-Uncivil,Opposed,Uncivil,1,1,Political,70,Male,White/Caucasian,Retired,Less than high school graduate,T2,Election sec.; Simpsons
iP2a5557f6c45d3c4e,Order1,Democrat (Left-aligned),AL-Borderline,Aligned,Borderline,1,1,Political,53,Male,White/Caucasian,Unemployed - not looking for work,"High school graduate, diploma or the equivalent (for example: GED)",T3,Gov. shutdown; Farquaad
iP2a5557f6c45d3c4e,Order1,Democrat (Left-aligned),AL-Civil,Aligned,Civil,0,0,Political,53,Male,White/Caucasian,Unemployed - not looking for work,"High school graduate, diploma or the equivalent (for example: GED)",T1,Mamdani; Pooh
iP2a5557f6c45d3c4e,Order1,Democrat (Left-aligned),AL-Uncivil,Aligned,Uncivil,1,1,Political,53,Male,White/Caucasian,Unemployed - not looking for work,"High school graduate, diploma or the equivalent (for example: GED)",T5,Laptop/Epstein; Spongebob
iP2a5557f6c45d3c4e,Order1,Democrat (Left-aligned),OP-Borderline,Opposed,Borderline,1,1,Political,53,Male,White/Caucasian,Unemployed - not looking for work,"High school graduate, diploma or the equivalent (for example: GED)",T4,Economy; Simpsons
iP2a5557f6c45d3c4e,Order1,Democrat (Left-aligned),OP-Civil,Opposed,Civil,0,0,Political,53,Male,White/Caucasian,Unemployed - not looking for work,"High school graduate, diploma or the equivalent (for example: GED)",T2,Election sec.; Simpsons
iP2a5557f6c45d3c4e,Order1,Democrat (Left-aligned),OP-Uncivil,Opposed,Uncivil,1,4,Political,53,Male,White/Caucasian,Unemployed - not looking for work,"High school graduate, diploma or the equivalent (for example: GED)",T6,Green energy; Spongebob
iP2a5f7f5f200ad498,Order3,Democrat (Left-aligned),AL-Borderline,Aligned,Borderline,0,0,Political,59,Male,White/Caucasian,Work full time,"Some college credit, no degree",T5,Laptop/Epstein; Spongebob
iP2a5f7f5f200ad498,Order3,Democrat (Left-aligned),AL-Civil,Aligned,Civil,1,4,Political,59,Male,White/Caucasian,Work full time,"Some college credit, no degree",T3,Gov. shutdown; Farquaad
iP2a5f7f5f200ad498,Order3,Democrat (Left-aligned),AL-Uncivil,Aligned,Uncivil,1,3,Political,59,Male,White/Caucasian,Work full time,"Some college credit, no degree",T1,Mamdani; Pooh
iP2a5f7f5f200ad498,Order3,Democrat (Left-aligned),OP-Borderline,Opposed,Borderline,1,2,Political,59,Male,White/Caucasian,Work full time,"Some college credit, no degree",T6,Green energy; Spongebob
iP2a5f7f5f200ad498,Order3,Democrat (Left-aligned),OP-Civil,Opposed,Civil,0,0,Political,59,Male,White/Caucasian,Work full time,"Some college credit, no degree",T4,Economy; Simpsons
iP2a5f7f5f200ad498,Order3,Democrat (Left-aligned),OP-Uncivil,Opposed,Uncivil,1,1,Political,59,Male,White/Caucasian,Work full time,"Some college credit, no degree",T2,Election sec.; Simpsons
iP2bfb65be0f291ffd,Order6,Republican (Right-aligned),AL-Borderline,Aligned,Borderline,0,0,Political,81,Female,White/Caucasian,Retired,"Some college credit, no degree",T3,Gov. shutdown; Farquaad
iP2bfb65be0f291ffd,Order6,Republican (Right-aligned),AL-Civil,Aligned,Civil,1,4,Political,81,Female,White/Caucasian,Retired,"Some college credit, no degree",T1,Mamdani; Pooh
iP2bfb65be0f291ffd,Order6,Republican (Right-aligned),AL-Uncivil,Aligned,Uncivil,1,2,Political,81,Female,White/Caucasian,Retired,"Some college credit, no degree",T5,Laptop/Epstein; Spongebob
iP2bfb65be0f291ffd,Order6,Republican (Right-aligned),OP-Borderline,Opposed,Borderline,0,0,Political,81,Female,White/Caucasian,Retired,"Some college credit, no degree",T2,Election sec.; Simpsons
iP2bfb65be0f291ffd,Order6,Republican (Right-aligned),OP-Civil,Opposed,Civil,0,0,Political,81,Female,White/Caucasian,Retired,"Some college credit, no degree",T6,Green energy; Spongebob
iP2bfb65be0f291ffd,Order6,Republican (Right-aligned),OP-Uncivil,Opposed,Uncivil,1,4,Political,81,Female,White/Caucasian,Retired,"Some college credit, no degree",T4,Economy; Simpsons
iP2c6899fafe436460,Order4,Democrat (Left-aligned),AL-Borderline,Aligned,Borderline,1,2,Political,31,Female,White/Caucasian,Work full time,"High school graduate, diploma or the equivalent (for example: GED)",T6,Green energy; Spongebob
iP2c6899fafe436460,Order4,Democrat (Left-aligned),AL-Civil,Aligned,Civil,0,0,Political,31,Female,White/Caucasian,Work full time,"High school graduate, diploma or the equivalent (for example: GED)",T4,Economy; Simpsons
iP2c6899fafe436460,Order4,Democrat (Left-aligned),AL-Uncivil,Aligned,Uncivil,1,2,Political,31,Female,White/Caucasian,Work full time,"High school graduate, diploma or the equivalent (for example: GED)",T2,Election sec.; Simpsons
iP2c6899fafe436460,Order4,Democrat (Left-aligned),OP-Borderline,Opposed,Borderline,1,2,Political,31,Female,White/Caucasian,Work full time,"High school graduate, diploma or the equivalent (for example: GED)",T1,Mamdani; Pooh
iP2c6899fafe436460,Order4,Democrat (Left-aligned),OP-Civil,Opposed,Civil,1,2,Political,31,Female,White/Caucasian,Work full time,"High school graduate, diploma or the equivalent (for example: GED)",T5,Laptop/Epstein; Spongebob
iP2c6899fafe436460,Order4,Democrat (Left-aligned),OP-Uncivil,Opposed,Uncivil,1,3,Political,31,Female,White/Caucasian,Work full time,"High school graduate, diploma or the equivalent (for example: GED)",T3,Gov. shutdown; Farquaad
iP2cd292a1ecf6003c,Order1,Democrat (Left-aligned),AL-Borderline,Aligned,Borderline,1,3,Political,20,Female,White/Caucasian,Student,"High school graduate, diploma or the equivalent (for example: GED)",T3,Gov. shutdown; Farquaad
iP2cd292a1ecf6003c,Order1,Democrat (Left-aligned),AL-Civil,Aligned,Civil,1,2,Political,20,Female,White/Caucasian,Student,"High school graduate, diploma or the equivalent (for example: GED)",T1,Mamdani; Pooh
iP2cd292a1ecf6003c,Order1,Democrat (Left-aligned),AL-Uncivil,Aligned,Uncivil,1,4,Political,20,Female,White/Caucasian,Student,"High school graduate, diploma or the equivalent (for example: GED)",T5,Laptop/Epstein; Spongebob
iP2cd292a1ecf6003c,Order1,Democrat (Left-aligned),OP-Borderline,Opposed,Borderline,1,3,Political,20,Female,White/Caucasian,Student,"High school graduate, diploma or the equivalent (for example: GED)",T4,Economy; Simpsons
iP2cd292a1ecf6003c,Order1,Democrat (Left-aligned),OP-Civil,Opposed,Civil,1,2,Political,20,Female,White/Caucasian,Student,"High school graduate, diploma or the equivalent (for example: GED)",T2,Election sec.; Simpsons
iP2cd292a1ecf6003c,Order1,Democrat (Left-aligned),OP-Uncivil,Opposed,Uncivil,1,4,Political,20,Female,White/Caucasian,Student,"High school graduate, diploma or the equivalent (for example: GED)",T6,Green energy; Spongebob
iP2da57c6f463f0b74,Order1,Republican (Right-aligned),AL-Borderline,Aligned,Borderline,1,1,Political,39,Female,White/Caucasian,Work full time,Bachelor's degree,T4,Economy; Simpsons
iP2da57c6f463f0b74,Order1,Republican (Right-aligned),AL-Civil,Aligned,Civil,1,1,Political,39,Female,White/Caucasian,Work full time,Bachelor's degree,T2,Election sec.; Simpsons
iP2da57c6f463f0b74,Order1,Republican (Right-aligned),AL-Uncivil,Aligned,Uncivil,1,3,Political,39,Female,White/Caucasian,Work full time,Bachelor's degree,T6,Green energy; Spongebob
iP2da57c6f463f0b74,Order1,Republican (Right-aligned),OP-Borderline,Opposed,Borderline,1,2,Political,39,Female,White/Caucasian,Work full time,Bachelor's degree,T3,Gov. shutdown; Farquaad
iP2da57c6f463f0b74,Order1,Republican (Right-aligned),OP-Civil,Opposed,Civil,0,0,Political,39,Female,White/Caucasian,Work full time,Bachelor's degree,T1,Mamdani; Pooh
iP2da57c6f463f0b74,Order1,Republican (Right-aligned),OP-Uncivil,Opposed,Uncivil,1,3,Political,39,Female,White/Caucasian,Work full time,Bachelor's degree,T5,Laptop/Epstein; Spongebob
iP2e18e43366e0e316,Order6,Democrat (Left-aligned),AL-Borderline,Aligned,Borderline,1,1,Political,50,Male,White/Caucasian,Student,Trade/technical/vocational training,T2,Election sec.; Simpsons
iP2e18e43366e0e316,Order6,Democrat (Left-aligned),AL-Civil,Aligned,Civil,1,1,Political,50,Male,White/Caucasian,Student,Trade/technical/vocational training,T6,Green energy; Spongebob
iP2e18e43366e0e316,Order6,Democrat (Left-aligned),AL-Uncivil,Aligned,Uncivil,1,3,Political,50,Male,White/Caucasian,Student,Trade/technical/vocational training,T4,Economy; Simpsons
iP2e18e43366e0e316,Order6,Democrat (Left-aligned),OP-Borderline,Opposed,Borderline,1,2,Political,50,Male,White/Caucasian,Student,Trade/technical/vocational training,T3,Gov. shutdown; Farquaad
iP2e18e43366e0e316,Order6,Democrat (Left-aligned),OP-Civil,Opposed,Civil,1,1,Political,50,Male,White/Caucasian,Student,Trade/technical/vocational training,T1,Mamdani; Pooh
iP2e18e43366e0e316,Order6,Democrat (Left-aligned),OP-Uncivil,Opposed,Uncivil,1,3,Political,50,Male,White/Caucasian,Student,Trade/technical/vocational training,T5,Laptop/Epstein; Spongebob
iP2e36d295439c5968,Order6,Democrat (Left-aligned),AL-Borderline,Aligned,Borderline,0,0,Political,35,Female,White/Caucasian,Work full time,"Some college credit, no degree",T2,Election sec.; Simpsons
iP2e36d295439c5968,Order6,Democrat (Left-aligned),AL-Civil,Aligned,Civil,0,0,Political,35,Female,White/Caucasian,Work full time,"Some college credit, no degree",T6,Green energy; Spongebob
iP2e36d295439c5968,Order6,Democrat (Left-aligned),AL-Uncivil,Aligned,Uncivil,1,3,Political,35,Female,White/Caucasian,Work full time,"Some college credit, no degree",T4,Economy; Simpsons
iP2e36d295439c5968,Order6,Democrat (Left-aligned),OP-Borderline,Opposed,Borderline,0,0,Political,35,Female,White/Caucasian,Work full time,"Some college credit, no degree",T3,Gov. shutdown; Farquaad
iP2e36d295439c5968,Order6,Democrat (Left-aligned),OP-Civil,Opposed,Civil,0,0,Political,35,Female,White/Caucasian,Work full time,"Some college credit, no degree",T1,Mamdani; Pooh
iP2e36d295439c5968,Order6,Democrat (Left-aligned),OP-Uncivil,Opposed,Uncivil,1,3,Political,35,Female,White/Caucasian,Work full time,"Some college credit, no degree",T5,Laptop/Epstein; Spongebob
iP30ad606a15d626b0,Order1,Democrat (Left-aligned),AL-Borderline,Aligned,Borderline,1,3,Political,21,Female,White/Caucasian,Student,"Some college credit, no degree",T3,Gov. shutdown; Farquaad
iP30ad606a15d626b0,Order1,Democrat (Left-aligned),AL-Civil,Aligned,Civil,1,3,Political,21,Female,White/Caucasian,Student,"Some college credit, no degree",T1,Mamdani; Pooh
iP30ad606a15d626b0,Order1,Democrat (Left-aligned),AL-Uncivil,Aligned,Uncivil,1,4,Political,21,Female,White/Caucasian,Student,"Some college credit, no degree",T5,Laptop/Epstein; Spongebob
iP30ad606a15d626b0,Order1,Democrat (Left-aligned),OP-Borderline,Opposed,Borderline,1,2,Political,21,Female,White/Caucasian,Student,"Some college credit, no degree",T4,Economy; Simpsons
iP30ad606a15d626b0,Order1,Democrat (Left-aligned),OP-Civil,Opposed,Civil,0,0,Political,21,Female,White/Caucasian,Student,"Some college credit, no degree",T2,Election sec.; Simpsons
iP30ad606a15d626b0,Order1,Democrat (Left-aligned),OP-Uncivil,Opposed,Uncivil,1,4,Political,21,Female,White/Caucasian,Student,"Some college credit, no degree",T6,Green energy; Spongebob
iP330f745213486de9,Order4,Republican (Right-aligned),AL-Borderline,Aligned,Borderline,0,0,Political,52,Male,White/Caucasian,Unemployed - looking for work,Bachelor's degree,T1,Mamdani; Pooh
iP330f745213486de9,Order4,Republican (Right-aligned),AL-Civil,Aligned,Civil,0,0,Political,52,Male,White/Caucasian,Unemployed - looking for work,Bachelor's degree,T5,Laptop/Epstein; Spongebob
iP330f745213486de9,Order4,Republican (Right-aligned),AL-Uncivil,Aligned,Uncivil,1,1,Political,52,Male,White/Caucasian,Unemployed - looking for work,Bachelor's degree,T3,Gov. shutdown; Farquaad
iP330f745213486de9,Order4,Republican (Right-aligned),OP-Borderline,Opposed,Borderline,0,0,Political,52,Male,White/Caucasian,Unemployed - looking for work,Bachelor's degree,T6,Green energy; Spongebob
iP330f745213486de9,Order4,Republican (Right-aligned),OP-Civil,Opposed,Civil,0,0,Political,52,Male,White/Caucasian,Unemployed - looking for work,Bachelor's degree,T4,Economy; Simpsons
iP330f745213486de9,Order4,Republican (Right-aligned),OP-Uncivil,Opposed,Uncivil,1,2,Political,52,Male,White/Caucasian,Unemployed - looking for work,Bachelor's degree,T2,Election sec.; Simpsons
iP342d5c63fac14440,Order6,Democrat (Left-aligned),AL-Borderline,Aligned,Borderline,1,1,Political,46,Female,White/Caucasian,Work part time,Trade/technical/vocational training,T2,Election sec.; Simpsons
iP342d5c63fac14440,Order6,Democrat (Left-aligned),AL-Civil,Aligned,Civil,0,0,Political,46,Female,White/Caucasian,Work part time,Trade/technical/vocational training,T6,Green energy; Spongebob
iP342d5c63fac14440,Order6,Democrat (Left-aligned),AL-Uncivil,Aligned,Uncivil,1,4,Political,46,Female,White/Caucasian,Work part time,Trade/technical/vocational training,T4,Economy; Simpsons
iP342d5c63fac14440,Order6,Democrat (Left-aligned),OP-Borderline,Opposed,Borderline,1,1,Political,46,Female,White/Caucasian,Work part time,Trade/technical/vocational training,T3,Gov. shutdown; Farquaad
iP342d5c63fac14440,Order6,Democrat (Left-aligned),OP-Civil,Opposed,Civil,1,1,Political,46,Female,White/Caucasian,Work part time,Trade/technical/vocational training,T1,Mamdani; Pooh
iP342d5c63fac14440,Order6,Democrat (Left-aligned),OP-Uncivil,Opposed,Uncivil,1,4,Political,46,Female,White/Caucasian,Work part time,Trade/technical/vocational training,T5,Laptop/Epstein; Spongebob
iP34c3c9603df79c62,Order6,Democrat (Left-aligned),AL-Borderline,Aligned,Borderline,0,0,Political,19,Female,American Indian or Alaskan native,Student,"High school graduate, diploma or the equivalent (for example: GED)",T2,Election sec.; Simpsons
iP34c3c9603df79c62,Order6,Democrat (Left-aligned),AL-Civil,Aligned,Civil,0,0,Political,19,Female,American Indian or Alaskan native,Student,"High school graduate, diploma or the equivalent (for example: GED)",T6,Green energy; Spongebob
iP34c3c9603df79c62,Order6,Democrat (Left-aligned),AL-Uncivil,Aligned,Uncivil,1,2,Political,19,Female,American Indian or Alaskan native,Student,"High school graduate, diploma or the equivalent (for example: GED)",T4,Economy; Simpsons
iP34c3c9603df79c62,Order6,Democrat (Left-aligned),OP-Borderline,Opposed,Borderline,1,1,Political,19,Female,American Indian or Alaskan native,Student,"High school graduate, diploma or the equivalent (for example: GED)",T3,Gov. shutdown; Farquaad
iP34c3c9603df79c62,Order6,Democrat (Left-aligned),OP-Civil,Opposed,Civil,0,0,Political,19,Female,American Indian or Alaskan native,Student,"High school graduate, diploma or the equivalent (for example: GED)",T1,Mamdani; Pooh
iP34c3c9603df79c62,Order6,Democrat (Left-aligned),OP-Uncivil,Opposed,Uncivil,1,2,Political,19,Female,American Indian or Alaskan native,Student,"High school graduate, diploma or the equivalent (for example: GED)",T5,Laptop/Epstein; Spongebob
iP355732c17e09a5f3,Order4,Republican (Right-aligned),AL-Borderline,Aligned,Borderline,0,0,Political,65,Female,White/Caucasian,Work part time,Master's degree,T1,Mamdani; Pooh
iP355732c17e09a5f3,Order4,Republican (Right-aligned),AL-Civil,Aligned,Civil,0,0,Political,65,Female,White/Caucasian,Work part time,Master's degree,T5,Laptop/Epstein; Spongebob
iP355732c17e09a5f3,Order4,Republican (Right-aligned),AL-Uncivil,Aligned,Uncivil,1,4,Political,65,Female,White/Caucasian,Work part time,Master's degree,T3,Gov. shutdown; Farquaad
iP355732c17e09a5f3,Order4,Republican (Right-aligned),OP-Borderline,Opposed,Borderline,0,0,Political,65,Female,White/Caucasian,Work part time,Master's degree,T6,Green energy; Spongebob
iP355732c17e09a5f3,Order4,Republican (Right-aligned),OP-Civil,Opposed,Civil,1,3,Political,65,Female,White/Caucasian,Work part time,Master's degree,T4,Economy; Simpsons
iP355732c17e09a5f3,Order4,Republican (Right-aligned),OP-Uncivil,Opposed,Uncivil,1,4,Political,65,Female,White/Caucasian,Work part time,Master's degree,T2,Election sec.; Simpsons
iP37118f803964f368,Order3,Republican (Right-aligned),AL-Borderline,Aligned,Borderline,0,0,Political,25,Male,Black/African American,Work full time,Associate degree,T6,Green energy; Spongebob
iP37118f803964f368,Order3,Republican (Right-aligned),AL-Civil,Aligned,Civil,0,0,Political,25,Male,Black/African American,Work full time,Associate degree,T4,Economy; Simpsons
iP37118f803964f368,Order3,Republican (Right-aligned),AL-Uncivil,Aligned,Uncivil,1,3,Political,25,Male,Black/African American,Work full time,Associate degree,T2,Election sec.; Simpsons
iP37118f803964f368,Order3,Republican (Right-aligned),OP-Borderline,Opposed,Borderline,1,1,Political,25,Male,Black/African American,Work full time,Associate degree,T5,Laptop/Epstein; Spongebob
iP37118f803964f368,Order3,Republican (Right-aligned),OP-Civil,Opposed,Civil,1,2,Political,25,Male,Black/African American,Work full time,Associate degree,T3,Gov. shutdown; Farquaad
iP37118f803964f368,Order3,Republican (Right-aligned),OP-Uncivil,Opposed,Uncivil,1,4,Political,25,Male,Black/African American,Work full time,Associate degree,T1,Mamdani; Pooh
iP394153defad125a5,Order1,Republican (Right-aligned),AL-Borderline,Aligned,Borderline,0,0,Political,43,Female,White/Caucasian,Work full time,Associate degree,T4,Economy; Simpsons
iP394153defad125a5,Order1,Republican (Right-aligned),AL-Civil,Aligned,Civil,1,3,Political,43,Female,White/Caucasian,Work full time,Associate degree,T2,Election sec.; Simpsons
iP394153defad125a5,Order1,Republican (Right-aligned),AL-Uncivil,Aligned,Uncivil,1,3,Political,43,Female,White/Caucasian,Work full time,Associate degree,T6,Green energy; Spongebob
iP394153defad125a5,Order1,Republican (Right-aligned),OP-Borderline,Opposed,Borderline,1,1,Political,43,Female,White/Caucasian,Work full time,Associate degree,T3,Gov. shutdown; Farquaad
iP394153defad125a5,Order1,Republican (Right-aligned),OP-Civil,Opposed,Civil,0,0,Political,43,Female,White/Caucasian,Work full time,Associate degree,T1,Mamdani; Pooh
iP394153defad125a5,Order1,Republican (Right-aligned),OP-Uncivil,Opposed,Uncivil,1,3,Political,43,Female,White/Caucasian,Work full time,Associate degree,T5,Laptop/Epstein; Spongebob
iP3a8691bd9a5d25d7,Order2,Republican (Right-aligned),AL-Borderline,Aligned,Borderline,1,3,Political,23,Male,White/Caucasian,Student,Associate degree,T5,Laptop/Epstein; Spongebob
iP3a8691bd9a5d25d7,Order2,Republican (Right-aligned),AL-Civil,Aligned,Civil,1,3,Political,23,Male,White/Caucasian,Student,Associate degree,T3,Gov. shutdown; Farquaad
iP3a8691bd9a5d25d7,Order2,Republican (Right-aligned),AL-Uncivil,Aligned,Uncivil,1,3,Political,23,Male,White/Caucasian,Student,Associate degree,T1,Mamdani; Pooh
iP3a8691bd9a5d25d7,Order2,Republican (Right-aligned),OP-Borderline,Opposed,Borderline,1,3,Political,23,Male,White/Caucasian,Student,Associate degree,T4,Economy; Simpsons
iP3a8691bd9a5d25d7,Order2,Republican (Right-aligned),OP-Civil,Opposed,Civil,1,1,Political,23,Male,White/Caucasian,Student,Associate degree,T2,Election sec.; Simpsons
iP3a8691bd9a5d25d7,Order2,Republican (Right-aligned),OP-Uncivil,Opposed,Uncivil,1,4,Political,23,Male,White/Caucasian,Student,Associate degree,T6,Green energy; Spongebob
iP3b78d266c6c6076c,Order5,Democrat (Left-aligned),AL-Borderline,Aligned,Borderline,0,0,Political,37,Female,White/Caucasian,Unemployed - looking for work,Bachelor's degree,T1,Mamdani; Pooh
iP3b78d266c6c6076c,Order5,Democrat (Left-aligned),AL-Civil,Aligned,Civil,0,0,Political,37,Female,White/Caucasian,Unemployed - looking for work,Bachelor's degree,T5,Laptop/Epstein; Spongebob
iP3b78d266c6c6076c,Order5,Democrat (Left-aligned),AL-Uncivil,Aligned,Uncivil,1,3,Political,37,Female,White/Caucasian,Unemployed - looking for work,Bachelor's degree,T3,Gov. shutdown; Farquaad
iP3b78d266c6c6076c,Order5,Democrat (Left-aligned),OP-Borderline,Opposed,Borderline,0,0,Political,37,Female,White/Caucasian,Unemployed - looking for work,Bachelor's degree,T2,Election sec.; Simpsons
iP3b78d266c6c6076c,Order5,Democrat (Left-aligned),OP-Civil,Opposed,Civil,0,0,Political,37,Female,White/Caucasian,Unemployed - looking for work,Bachelor's degree,T6,Green energy; Spongebob
iP3b78d266c6c6076c,Order5,Democrat (Left-aligned),OP-Uncivil,Opposed,Uncivil,1,3,Political,37,Female,White/Caucasian,Unemployed - looking for work,Bachelor's degree,T4,Economy; Simpsons
iP3b8aa1f076c42e46,Order4,Democrat (Left-aligned),AL-Borderline,Aligned,Borderline,0,0,Political,29,Female,White/Caucasian,Unemployed - looking for work,Bachelor's degree,T6,Green energy; Spongebob
iP3b8aa1f076c42e46,Order4,Democrat (Left-aligned),AL-Civil,Aligned,Civil,0,0,Political,29,Female,White/Caucasian,Unemployed - looking for work,Bachelor's degree,T4,Economy; Simpsons
iP3b8aa1f076c42e46,Order4,Democrat (Left-aligned),AL-Uncivil,Aligned,Uncivil,1,3,Political,29,Female,White/Caucasian,Unemployed - looking for work,Bachelor's degree,T2,Election sec.; Simpsons
iP3b8aa1f076c42e46,Order4,Democrat (Left-aligned),OP-Borderline,Opposed,Borderline,1,2,Political,29,Female,White/Caucasian,Unemployed - looking for work,Bachelor's degree,T1,Mamdani; Pooh
iP3b8aa1f076c42e46,Order4,Democrat (Left-aligned),OP-Civil,Opposed,Civil,0,0,Political,29,Female,White/Caucasian,Unemployed - looking for work,Bachelor's degree,T5,Laptop/Epstein; Spongebob
iP3b8aa1f076c42e46,Order4,Democrat (Left-aligned),OP-Uncivil,Opposed,Uncivil,1,3,Political,29,Female,White/Caucasian,Unemployed - looking for work,Bachelor's degree,T3,Gov. shutdown; Farquaad
iP3b92f70b4f7cc6f5,Order6,Republican (Right-aligned),AL-Borderline,Aligned,Borderline,0,0,Political,59,Male,White/Caucasian,Work full time,Bachelor's degree,T3,Gov. shutdown; Farquaad
iP3b92f70b4f7cc6f5,Order6,Republican (Right-aligned),AL-Civil,Aligned,Civil,0,0,Political,59,Male,White/Caucasian,Work full time,Bachelor's degree,T1,Mamdani; Pooh
iP3b92f70b4f7cc6f5,Order6,Republican (Right-aligned),AL-Uncivil,Aligned,Uncivil,1,4,Political,59,Male,White/Caucasian,Work full time,Bachelor's degree,T5,Laptop/Epstein; Spongebob
iP3b92f70b4f7cc6f5,Order6,Republican (Right-aligned),OP-Borderline,Opposed,Borderline,0,0,Political,59,Male,White/Caucasian,Work full time,Bachelor's degree,T2,Election sec.; Simpsons
iP3b92f70b4f7cc6f5,Order6,Republican (Right-aligned),OP-Civil,Opposed,Civil,0,0,Political,59,Male,White/Caucasian,Work full time,Bachelor's degree,T6,Green energy; Spongebob
iP3b92f70b4f7cc6f5,Order6,Republican (Right-aligned),OP-Uncivil,Opposed,Uncivil,1,4,Political,59,Male,White/Caucasian,Work full time,Bachelor's degree,T4,Economy; Simpsons
iP3c096db31b66e650,Order1,Republican (Right-aligned),AL-Borderline,Aligned,Borderline,1,1,Political,53,Male,White/Caucasian,Work full time,"High school graduate, diploma or the equivalent (for example: GED)",T4,Economy; Simpsons
iP3c096db31b66e650,Order1,Republican (Right-aligned),AL-Civil,Aligned,Civil,1,1,Political,53,Male,White/Caucasian,Work full time,"High school graduate, diploma or the equivalent (for example: GED)",T2,Election sec.; Simpsons
iP3c096db31b66e650,Order1,Republican (Right-aligned),AL-Uncivil,Aligned,Uncivil,1,1,Political,53,Male,White/Caucasian,Work full time,"High school graduate, diploma or the equivalent (for example: GED)",T6,Green energy; Spongebob
iP3c096db31b66e650,Order1,Republican (Right-aligned),OP-Borderline,Opposed,Borderline,1,2,Political,53,Male,White/Caucasian,Work full time,"High school graduate, diploma or the equivalent (for example: GED)",T3,Gov. shutdown; Farquaad
iP3c096db31b66e650,Order1,Republican (Right-aligned),OP-Civil,Opposed,Civil,1,2,Political,53,Male,White/Caucasian,Work full time,"High school graduate, diploma or the equivalent (for example: GED)",T1,Mamdani; Pooh
iP3c096db31b66e650,Order1,Republican (Right-aligned),OP-Uncivil,Opposed,Uncivil,1,1,Political,53,Male,White/Caucasian,Work full time,"High school graduate, diploma or the equivalent (for example: GED)",T5,Laptop/Epstein; Spongebob
iP3c128982313c1e54,Order1,Republican (Right-aligned),AL-Borderline,Aligned,Borderline,1,1,Political,61,Male,Black/African American,Work part time,"High school graduate, diploma or the equivalent (for example: GED)",T4,Economy; Simpsons
iP3c128982313c1e54,Order1,Republican (Right-aligned),AL-Civil,Aligned,Civil,1,1,Political,61,Male,Black/African American,Work part time,"High school graduate, diploma or the equivalent (for example: GED)",T2,Election sec.; Simpsons
iP3c128982313c1e54,Order1,Republican (Right-aligned),AL-Uncivil,Aligned,Uncivil,1,1,Political,61,Male,Black/African American,Work part time,"High school graduate, diploma or the equivalent (for example: GED)",T6,Green energy; Spongebob
iP3c128982313c1e54,Order1,Republican (Right-aligned),OP-Borderline,Opposed,Borderline,0,0,Political,61,Male,Black/African American,Work part time,"High school graduate, diploma or the equivalent (for example: GED)",T3,Gov. shutdown; Farquaad
iP3c128982313c1e54,Order1,Republican (Right-aligned),OP-Civil,Opposed,Civil,0,0,Political,61,Male,Black/African American,Work part time,"High school graduate, diploma or the equivalent (for example: GED)",T1,Mamdani; Pooh
iP3c128982313c1e54,Order1,Republican (Right-aligned),OP-Uncivil,Opposed,Uncivil,1,1,Political,61,Male,Black/African American,Work part time,"High school graduate, diploma or the equivalent (for example: GED)",T5,Laptop/Epstein; Spongebob
iP3cdb8c54e0c1e048,Order6,Republican (Right-aligned),AL-Borderline,Aligned,Borderline,1,1,Political,62,Male,White/Caucasian,Unemployed - not looking for work,"High school graduate, diploma or the equivalent (for example: GED)",T3,Gov. shutdown; Farquaad
iP3cdb8c54e0c1e048,Order6,Republican (Right-aligned),AL-Civil,Aligned,Civil,1,1,Political,62,Male,White/Caucasian,Unemployed - not looking for work,"High school graduate, diploma or the equivalent (for example: GED)",T1,Mamdani; Pooh
iP3cdb8c54e0c1e048,Order6,Republican (Right-aligned),AL-Uncivil,Aligned,Uncivil,1,3,Political,62,Male,White/Caucasian,Unemployed - not looking for work,"High school graduate, diploma or the equivalent (for example: GED)",T5,Laptop/Epstein; Spongebob
iP3cdb8c54e0c1e048,Order6,Republican (Right-aligned),OP-Borderline,Opposed,Borderline,1,2,Political,62,Male,White/Caucasian,Unemployed - not looking for work,"High school graduate, diploma or the equivalent (for example: GED)",T2,Election sec.; Simpsons
iP3cdb8c54e0c1e048,Order6,Republican (Right-aligned),OP-Civil,Opposed,Civil,0,0,Political,62,Male,White/Caucasian,Unemployed - not looking for work,"High school graduate, diploma or the equivalent (for example: GED)",T6,Green energy; Spongebob
iP3cdb8c54e0c1e048,Order6,Republican (Right-aligned),OP-Uncivil,Opposed,Uncivil,1,3,Political,62,Male,White/Caucasian,Unemployed - not looking for work,"High school graduate, diploma or the equivalent (for example: GED)",T4,Economy; Simpsons
iP3d5345227b3bc4f0,Order3,Republican (Right-aligned),AL-Borderline,Aligned,Borderline,0,0,Political,63,Female,White/Caucasian,Work full time,Associate degree,T6,Green energy; Spongebob
iP3d5345227b3bc4f0,Order3,Republican (Right-aligned),AL-Civil,Aligned,Civil,0,0,Political,63,Female,White/Caucasian,Work full time,Associate degree,T4,Economy; Simpsons
iP3d5345227b3bc4f0,Order3,Republican (Right-aligned),AL-Uncivil,Aligned,Uncivil,1,1,Political,63,Female,White/Caucasian,Work full time,Associate degree,T2,Election sec.; Simpsons
iP3d5345227b3bc4f0,Order3,Republican (Right-aligned),OP-Borderline,Opposed,Borderline,0,0,Political,63,Female,White/Caucasian,Work full time,Associate degree,T5,Laptop/Epstein; Spongebob
iP3d5345227b3bc4f0,Order3,Republican (Right-aligned),OP-Civil,Opposed,Civil,1,2,Political,63,Female,White/Caucasian,Work full time,Associate degree,T3,Gov. shutdown; Farquaad
iP3d5345227b3bc4f0,Order3,Republican (Right-aligned),OP-Uncivil,Opposed,Uncivil,1,1,Political,63,Female,White/Caucasian,Work full time,Associate degree,T1,Mamdani; Pooh
iP3e33e2a0cc3304b8,Order2,Democrat (Left-aligned),AL-Borderline,Aligned,Borderline,1,1,Political,34,Male,White/Caucasian,Work full time,Bachelor's degree,T4,Economy; Simpsons
iP3e33e2a0cc3304b8,Order2,Democrat (Left-aligned),AL-Civil,Aligned,Civil,0,0,Political,34,Male,White/Caucasian,Work full time,Bachelor's degree,T2,Election sec.; Simpsons
iP3e33e2a0cc3304b8,Order2,Democrat (Left-aligned),AL-Uncivil,Aligned,Uncivil,1,3,Political,34,Male,White/Caucasian,Work full time,Bachelor's degree,T6,Green energy; Spongebob
iP3e33e2a0cc3304b8,Order2,Democrat (Left-aligned),OP-Borderline,Opposed,Borderline,0,0,Political,34,Male,White/Caucasian,Work full time,Bachelor's degree,T5,Laptop/Epstein; Spongebob
iP3e33e2a0cc3304b8,Order2,Democrat (Left-aligned),OP-Civil,Opposed,Civil,1,2,Political,34,Male,White/Caucasian,Work full time,Bachelor's degree,T3,Gov. shutdown; Farquaad
iP3e33e2a0cc3304b8,Order2,Democrat (Left-aligned),OP-Uncivil,Opposed,Uncivil,1,3,Political,34,Male,White/Caucasian,Work full time,Bachelor's degree,T1,Mamdani; Pooh
iP3ea6b93cf50ebfbd,Order3,Republican (Right-aligned),AL-Borderline,Aligned,Borderline,1,1,Political,75,Female,White/Caucasian,Retired,Bachelor's degree,T6,Green energy; Spongebob
iP3ea6b93cf50ebfbd,Order3,Republican (Right-aligned),AL-Civil,Aligned,Civil,0,0,Political,75,Female,White/Caucasian,Retired,Bachelor's degree,T4,Economy; Simpsons
iP3ea6b93cf50ebfbd,Order3,Republican (Right-aligned),AL-Uncivil,Aligned,Uncivil,1,1,Political,75,Female,White/Caucasian,Retired,Bachelor's degree,T2,Election sec.; Simpsons
iP3ea6b93cf50ebfbd,Order3,Republican (Right-aligned),OP-Borderline,Opposed,Borderline,1,3,Political,75,Female,White/Caucasian,Retired,Bachelor's degree,T5,Laptop/Epstein; Spongebob
iP3ea6b93cf50ebfbd,Order3,Republican (Right-aligned),OP-Civil,Opposed,Civil,1,3,Political,75,Female,White/Caucasian,Retired,Bachelor's degree,T3,Gov. shutdown; Farquaad
iP3ea6b93cf50ebfbd,Order3,Republican (Right-aligned),OP-Uncivil,Opposed,Uncivil,1,3,Political,75,Female,White/Caucasian,Retired,Bachelor's degree,T1,Mamdani; Pooh
iP3f75f8ff1cb3c2bc,Order2,Democrat (Left-aligned),AL-Borderline,Aligned,Borderline,1,2,Political,56,Female,Black/African American,Work full time,Trade/technical/vocational training,T4,Economy; Simpsons
iP3f75f8ff1cb3c2bc,Order2,Democrat (Left-aligned),AL-Civil,Aligned,Civil,1,4,Political,56,Female,Black/African American,Work full time,Trade/technical/vocational training,T2,Election sec.; Simpsons
iP3f75f8ff1cb3c2bc,Order2,Democrat (Left-aligned),AL-Uncivil,Aligned,Uncivil,1,4,Political,56,Female,Black/African American,Work full time,Trade/technical/vocational training,T6,Green energy; Spongebob
iP3f75f8ff1cb3c2bc,Order2,Democrat (Left-aligned),OP-Borderline,Opposed,Borderline,1,4,Political,56,Female,Black/African American,Work full time,Trade/technical/vocational training,T5,Laptop/Epstein; Spongebob
iP3f75f8ff1cb3c2bc,Order2,Democrat (Left-aligned),OP-Civil,Opposed,Civil,1,4,Political,56,Female,Black/African American,Work full time,Trade/technical/vocational training,T3,Gov. shutdown; Farquaad
iP3f75f8ff1cb3c2bc,Order2,Democrat (Left-aligned),OP-Uncivil,Opposed,Uncivil,1,4,Political,56,Female,Black/African American,Work full time,Trade/technical/vocational training,T1,Mamdani; Pooh
iP3ff12c618fa5a2bc,Order6,Republican (Right-aligned),AL-Borderline,Aligned,Borderline,0,0,Political,25,Male,Black/African American,Student,"Some college credit, no degree",T3,Gov. shutdown; Farquaad
iP3ff12c618fa5a2bc,Order6,Republican (Right-aligned),AL-Civil,Aligned,Civil,0,0,Political,25,Male,Black/African American,Student,"Some college credit, no degree",T1,Mamdani; Pooh
iP3ff12c618fa5a2bc,Order6,Republican (Right-aligned),AL-Uncivil,Aligned,Uncivil,0,0,Political,25,Male,Black/African American,Student,"Some college credit, no degree",T5,Laptop/Epstein; Spongebob
iP3ff12c618fa5a2bc,Order6,Republican (Right-aligned),OP-Borderline,Opposed,Borderline,0,0,Political,25,Male,Black/African American,Student,"Some college credit, no degree",T2,Election sec.; Simpsons
iP3ff12c618fa5a2bc,Order6,Republican (Right-aligned),OP-Civil,Opposed,Civil,0,0,Political,25,Male,Black/African American,Student,"Some college credit, no degree",T6,Green energy; Spongebob
iP3ff12c618fa5a2bc,Order6,Republican (Right-aligned),OP-Uncivil,Opposed,Uncivil,1,3,Political,25,Male,Black/African American,Student,"Some college credit, no degree",T4,Economy; Simpsons
iP4120d0d8cc1ddad7,Order5,Republican (Right-aligned),AL-Borderline,Aligned,Borderline,1,2,Political,31,Female,White/Caucasian,Homemaker,"Some college credit, no degree",T2,Election sec.; Simpsons
iP4120d0d8cc1ddad7,Order5,Republican (Right-aligned),AL-Civil,Aligned,Civil,0,0,Political,31,Female,White/Caucasian,Homemaker,"Some college credit, no degree",T6,Green energy; Spongebob
iP4120d0d8cc1ddad7,Order5,Republican (Right-aligned),AL-Uncivil,Aligned,Uncivil,1,4,Political,31,Female,White/Caucasian,Homemaker,"Some college credit, no degree",T4,Economy; Simpsons
iP4120d0d8cc1ddad7,Order5,Republican (Right-aligned),OP-Borderline,Opposed,Borderline,1,3,Political,31,Female,White/Caucasian,Homemaker,"Some college credit, no degree",T1,Mamdani; Pooh
iP4120d0d8cc1ddad7,Order5,Republican (Right-aligned),OP-Civil,Opposed,Civil,0,0,Political,31,Female,White/Caucasian,Homemaker,"Some college credit, no degree",T5,Laptop/Epstein; Spongebob
iP4120d0d8cc1ddad7,Order5,Republican (Right-aligned),OP-Uncivil,Opposed,Uncivil,1,4,Political,31,Female,White/Caucasian,Homemaker,"Some college credit, no degree",T3,Gov. shutdown; Farquaad
iP43e5f85aab7a902f,Order5,Democrat (Left-aligned),AL-Borderline,Aligned,Borderline,0,0,Political,47,Male,White/Caucasian,Work full time,Bachelor's degree,T1,Mamdani; Pooh
iP43e5f85aab7a902f,Order5,Democrat (Left-aligned),AL-Civil,Aligned,Civil,0,0,Political,47,Male,White/Caucasian,Work full time,Bachelor's degree,T5,Laptop/Epstein; Spongebob
iP43e5f85aab7a902f,Order5,Democrat (Left-aligned),AL-Uncivil,Aligned,Uncivil,1,2,Political,47,Male,White/Caucasian,Work full time,Bachelor's degree,T3,Gov. shutdown; Farquaad
iP43e5f85aab7a902f,Order5,Democrat (Left-aligned),OP-Borderline,Opposed,Borderline,0,0,Political,47,Male,White/Caucasian,Work full time,Bachelor's degree,T2,Election sec.; Simpsons
iP43e5f85aab7a902f,Order5,Democrat (Left-aligned),OP-Civil,Opposed,Civil,0,0,Political,47,Male,White/Caucasian,Work full time,Bachelor's degree,T6,Green energy; Spongebob
iP43e5f85aab7a902f,Order5,Democrat (Left-aligned),OP-Uncivil,Opposed,Uncivil,1,2,Political,47,Male,White/Caucasian,Work full time,Bachelor's degree,T4,Economy; Simpsons
iP443f4bafd3c5b9fe,Order4,Republican (Right-aligned),AL-Borderline,Aligned,Borderline,1,1,Political,37,Male,White/Caucasian,Student,"High school graduate, diploma or the equivalent (for example: GED)",T1,Mamdani; Pooh
iP443f4bafd3c5b9fe,Order4,Republican (Right-aligned),AL-Civil,Aligned,Civil,0,0,Political,37,Male,White/Caucasian,Student,"High school graduate, diploma or the equivalent (for example: GED)",T5,Laptop/Epstein; Spongebob
iP443f4bafd3c5b9fe,Order4,Republican (Right-aligned),AL-Uncivil,Aligned,Uncivil,1,3,Political,37,Male,White/Caucasian,Student,"High school graduate, diploma or the equivalent (for example: GED)",T3,Gov. shutdown; Farquaad
iP443f4bafd3c5b9fe,Order4,Republican (Right-aligned),OP-Borderline,Opposed,Borderline,1,1,Political,37,Male,White/Caucasian,Student,"High school graduate, diploma or the equivalent (for example: GED)",T6,Green energy; Spongebob
iP443f4bafd3c5b9fe,Order4,Republican (Right-aligned),OP-Civil,Opposed,Civil,0,0,Political,37,Male,White/Caucasian,Student,"High school graduate, diploma or the equivalent (for example: GED)",T4,Economy; Simpsons
iP443f4bafd3c5b9fe,Order4,Republican (Right-aligned),OP-Uncivil,Opposed,Uncivil,1,2,Political,37,Male,White/Caucasian,Student,"High school graduate, diploma or the equivalent (for example: GED)",T2,Election sec.; Simpsons
iP449050d224f405db,Order5,Republican (Right-aligned),AL-Borderline,Aligned,Borderline,1,2,Political,63,Male,White/Caucasian,Work full time,Bachelor's degree,T2,Election sec.; Simpsons
iP449050d224f405db,Order5,Republican (Right-aligned),AL-Civil,Aligned,Civil,0,0,Political,63,Male,White/Caucasian,Work full time,Bachelor's degree,T6,Green energy; Spongebob
iP449050d224f405db,Order5,Republican (Right-aligned),AL-Uncivil,Aligned,Uncivil,1,4,Political,63,Male,White/Caucasian,Work full time,Bachelor's degree,T4,Economy; Simpsons
iP449050d224f405db,Order5,Republican (Right-aligned),OP-Borderline,Opposed,Borderline,1,3,Political,63,Male,White/Caucasian,Work full time,Bachelor's degree,T1,Mamdani; Pooh
iP449050d224f405db,Order5,Republican (Right-aligned),OP-Civil,Opposed,Civil,1,2,Political,63,Male,White/Caucasian,Work full time,Bachelor's degree,T5,Laptop/Epstein; Spongebob
iP449050d224f405db,Order5,Republican (Right-aligned),OP-Uncivil,Opposed,Uncivil,1,3,Political,63,Male,White/Caucasian,Work full time,Bachelor's degree,T3,Gov. shutdown; Farquaad
iP44db71902d504ac3,Order2,Democrat (Left-aligned),AL-Borderline,Aligned,Borderline,1,1,Political,28,Male,White/Caucasian,Homemaker,"High school graduate, diploma or the equivalent (for example: GED)",T4,Economy; Simpsons
iP44db71902d504ac3,Order2,Democrat (Left-aligned),AL-Civil,Aligned,Civil,0,0,Political,28,Male,White/Caucasian,Homemaker,"High school graduate, diploma or the equivalent (for example: GED)",T2,Election sec.; Simpsons
iP44db71902d504ac3,Order2,Democrat (Left-aligned),AL-Uncivil,Aligned,Uncivil,1,4,Political,28,Male,White/Caucasian,Homemaker,"High school graduate, diploma or the equivalent (for example: GED)",T6,Green energy; Spongebob
iP44db71902d504ac3,Order2,Democrat (Left-aligned),OP-Borderline,Opposed,Borderline,0,0,Political,28,Male,White/Caucasian,Homemaker,"High school graduate, diploma or the equivalent (for example: GED)",T5,Laptop/Epstein; Spongebob
iP44db71902d504ac3,Order2,Democrat (Left-aligned),OP-Civil,Opposed,Civil,1,3,Political,28,Male,White/Caucasian,Homemaker,"High school graduate, diploma or the equivalent (for example: GED)",T3,Gov. shutdown; Farquaad
iP44db71902d504ac3,Order2,Democrat (Left-aligned),OP-Uncivil,Opposed,Uncivil,1,3,Political,28,Male,White/Caucasian,Homemaker,"High school graduate, diploma or the equivalent (for example: GED)",T1,Mamdani; Pooh
iP45eb3da8250554f4,Order5,Democrat (Left-aligned),AL-Borderline,Aligned,Borderline,1,2,Political,58,Female,White/Caucasian,Work full time,Associate degree,T1,Mamdani; Pooh
iP45eb3da8250554f4,Order5,Democrat (Left-aligned),AL-Civil,Aligned,Civil,0,0,Political,58,Female,White/Caucasian,Work full time,Associate degree,T5,Laptop/Epstein; Spongebob
iP45eb3da8250554f4,Order5,Democrat (Left-aligned),AL-Uncivil,Aligned,Uncivil,1,3,Political,58,Female,White/Caucasian,Work full time,Associate degree,T3,Gov. shutdown; Farquaad
iP45eb3da8250554f4,Order5,Democrat (Left-aligned),OP-Borderline,Opposed,Borderline,0,0,Political,58,Female,White/Caucasian,Work full time,Associate degree,T2,Election sec.; Simpsons
iP45eb3da8250554f4,Order5,Democrat (Left-aligned),OP-Civil,Opposed,Civil,0,0,Political,58,Female,White/Caucasian,Work full time,Associate degree,T6,Green energy; Spongebob
iP45eb3da8250554f4,Order5,Democrat (Left-aligned),OP-Uncivil,Opposed,Uncivil,1,3,Political,58,Female,White/Caucasian,Work full time,Associate degree,T4,Economy; Simpsons
iP469fc1858ecec418,Order6,Republican (Right-aligned),AL-Borderline,Aligned,Borderline,1,4,Political,62,Female,White/Caucasian,Work part time,Master's degree,T3,Gov. shutdown; Farquaad
iP469fc1858ecec418,Order6,Republican (Right-aligned),AL-Civil,Aligned,Civil,1,2,Political,62,Female,White/Caucasian,Work part time,Master's degree,T1,Mamdani; Pooh
iP469fc1858ecec418,Order6,Republican (Right-aligned),AL-Uncivil,Aligned,Uncivil,1,4,Political,62,Female,White/Caucasian,Work part time,Master's degree,T5,Laptop/Epstein; Spongebob
iP469fc1858ecec418,Order6,Republican (Right-aligned),OP-Borderline,Opposed,Borderline,1,3,Political,62,Female,White/Caucasian,Work part time,Master's degree,T2,Election sec.; Simpsons
iP469fc1858ecec418,Order6,Republican (Right-aligned),OP-Civil,Opposed,Civil,1,1,Political,62,Female,White/Caucasian,Work part time,Master's degree,T6,Green energy; Spongebob
iP469fc1858ecec418,Order6,Republican (Right-aligned),OP-Uncivil,Opposed,Uncivil,1,4,Political,62,Female,White/Caucasian,Work part time,Master's degree,T4,Economy; Simpsons
iP4982d06142a83ca9,Order3,Republican (Right-aligned),AL-Borderline,Aligned,Borderline,1,2,Political,67,Male,White/Caucasian,Retired,Associate degree,T6,Green energy; Spongebob
iP4982d06142a83ca9,Order3,Republican (Right-aligned),AL-Civil,Aligned,Civil,1,1,Political,67,Male,White/Caucasian,Retired,Associate degree,T4,Economy; Simpsons
iP4982d06142a83ca9,Order3,Republican (Right-aligned),AL-Uncivil,Aligned,Uncivil,1,2,Political,67,Male,White/Caucasian,Retired,Associate degree,T2,Election sec.; Simpsons
iP4982d06142a83ca9,Order3,Republican (Right-aligned),OP-Borderline,Opposed,Borderline,1,2,Political,67,Male,White/Caucasian,Retired,Associate degree,T5,Laptop/Epstein; Spongebob
iP4982d06142a83ca9,Order3,Republican (Right-aligned),OP-Civil,Opposed,Civil,1,3,Political,67,Male,White/Caucasian,Retired,Associate degree,T3,Gov. shutdown; Farquaad
iP4982d06142a83ca9,Order3,Republican (Right-aligned),OP-Uncivil,Opposed,Uncivil,1,2,Political,67,Male,White/Caucasian,Retired,Associate degree,T1,Mamdani; Pooh
iP49f21b20a074eca1,Order6,Democrat (Left-aligned),AL-Borderline,Aligned,Borderline,1,2,Political,66,Male,Black/African American,Retired,Trade/technical/vocational training,T2,Election sec.; Simpsons
iP49f21b20a074eca1,Order6,Democrat (Left-aligned),AL-Civil,Aligned,Civil,1,1,Political,66,Male,Black/African American,Retired,Trade/technical/vocational training,T6,Green energy; Spongebob
iP49f21b20a074eca1,Order6,Democrat (Left-aligned),AL-Uncivil,Aligned,Uncivil,1,3,Political,66,Male,Black/African American,Retired,Trade/technical/vocational training,T4,Economy; Simpsons
iP49f21b20a074eca1,Order6,Democrat (Left-aligned),OP-Borderline,Opposed,Borderline,1,2,Political,66,Male,Black/African American,Retired,Trade/technical/vocational training,T3,Gov. shutdown; Farquaad
iP49f21b20a074eca1,Order6,Democrat (Left-aligned),OP-Civil,Opposed,Civil,1,2,Political,66,Male,Black/African American,Retired,Trade/technical/vocational training,T1,Mamdani; Pooh
iP49f21b20a074eca1,Order6,Democrat (Left-aligned),OP-Uncivil,Opposed,Uncivil,1,1,Political,66,Male,Black/African American,Retired,Trade/technical/vocational training,T5,Laptop/Epstein; Spongebob
iP4ce842d9c39f533d,Order6,Republican (Right-aligned),AL-Borderline,Aligned,Borderline,0,0,Political,60,Male,White/Caucasian,Work full time,Bachelor's degree,T3,Gov. shutdown; Farquaad
iP4ce842d9c39f533d,Order6,Republican (Right-aligned),AL-Civil,Aligned,Civil,0,0,Political,60,Male,White/Caucasian,Work full time,Bachelor's degree,T1,Mamdani; Pooh
iP4ce842d9c39f533d,Order6,Republican (Right-aligned),AL-Uncivil,Aligned,Uncivil,1,3,Political,60,Male,White/Caucasian,Work full time,Bachelor's degree,T5,Laptop/Epstein; Spongebob
iP4ce842d9c39f533d,Order6,Republican (Right-aligned),OP-Borderline,Opposed,Borderline,0,0,Political,60,Male,White/Caucasian,Work full time,Bachelor's degree,T2,Election sec.; Simpsons
iP4ce842d9c39f533d,Order6,Republican (Right-aligned),OP-Civil,Opposed,Civil,0,0,Political,60,Male,White/Caucasian,Work full time,Bachelor's degree,T6,Green energy; Spongebob
iP4ce842d9c39f533d,Order6,Republican (Right-aligned),OP-Uncivil,Opposed,Uncivil,1,3,Political,60,Male,White/Caucasian,Work full time,Bachelor's degree,T4,Economy; Simpsons
iP4cfecad8fa71e0b5,Order5,Democrat (Left-aligned),AL-Borderline,Aligned,Borderline,1,1,Political,25,Female,Black/African American,Work full time,Bachelor's degree,T1,Mamdani; Pooh
iP4cfecad8fa71e0b5,Order5,Democrat (Left-aligned),AL-Civil,Aligned,Civil,0,0,Political,25,Female,Black/African American,Work full time,Bachelor's degree,T5,Laptop/Epstein; Spongebob
iP4cfecad8fa71e0b5,Order5,Democrat (Left-aligned),AL-Uncivil,Aligned,Uncivil,1,3,Political,25,Female,Black/African American,Work full time,Bachelor's degree,T3,Gov. shutdown; Farquaad
iP4cfecad8fa71e0b5,Order5,Democrat (Left-aligned),OP-Borderline,Opposed,Borderline,1,1,Political,25,Female,Black/African American,Work full time,Bachelor's degree,T2,Election sec.; Simpsons
iP4cfecad8fa71e0b5,Order5,Democrat (Left-aligned),OP-Civil,Opposed,Civil,0,0,Political,25,Female,Black/African American,Work full time,Bachelor's degree,T6,Green energy; Spongebob
iP4cfecad8fa71e0b5,Order5,Democrat (Left-aligned),OP-Uncivil,Opposed,Uncivil,1,3,Political,25,Female,Black/African American,Work full time,Bachelor's degree,T4,Economy; Simpsons
iP4e5449788b793fb0,Order1,Republican (Right-aligned),AL-Borderline,Aligned,Borderline,1,1,Political,46,Female,Other race or ethnicity,Work full time,"High school graduate, diploma or the equivalent (for example: GED)",T4,Economy; Simpsons
iP4e5449788b793fb0,Order1,Republican (Right-aligned),AL-Civil,Aligned,Civil,0,0,Political,46,Female,Other race or ethnicity,Work full time,"High school graduate, diploma or the equivalent (for example: GED)",T2,Election sec.; Simpsons
iP4e5449788b793fb0,Order1,Republican (Right-aligned),AL-Uncivil,Aligned,Uncivil,0,0,Political,46,Female,Other race or ethnicity,Work full time,"High school graduate, diploma or the equivalent (for example: GED)",T6,Green energy; Spongebob
iP4e5449788b793fb0,Order1,Republican (Right-aligned),OP-Borderline,Opposed,Borderline,0,0,Political,46,Female,Other race or ethnicity,Work full time,"High school graduate, diploma or the equivalent (for example: GED)",T3,Gov. shutdown; Farquaad
iP4e5449788b793fb0,Order1,Republican (Right-aligned),OP-Civil,Opposed,Civil,0,0,Political,46,Female,Other race or ethnicity,Work full time,"High school graduate, diploma or the equivalent (for example: GED)",T1,Mamdani; Pooh
iP4e5449788b793fb0,Order1,Republican (Right-aligned),OP-Uncivil,Opposed,Uncivil,1,3,Political,46,Female,Other race or ethnicity,Work full time,"High school graduate, diploma or the equivalent (for example: GED)",T5,Laptop/Epstein; Spongebob
iP4f8d262d226b7ca7,Order4,Democrat (Left-aligned),AL-Borderline,Aligned,Borderline,0,0,Political,47,Male,White/Caucasian,Work full time,Master's degree,T6,Green energy; Spongebob
iP4f8d262d226b7ca7,Order4,Democrat (Left-aligned),AL-Civil,Aligned,Civil,0,0,Political,47,Male,White/Caucasian,Work full time,Master's degree,T4,Economy; Simpsons
iP4f8d262d226b7ca7,Order4,Democrat (Left-aligned),AL-Uncivil,Aligned,Uncivil,1,3,Political,47,Male,White/Caucasian,Work full time,Master's degree,T2,Election sec.; Simpsons
iP4f8d262d226b7ca7,Order4,Democrat (Left-aligned),OP-Borderline,Opposed,Borderline,0,0,Political,47,Male,White/Caucasian,Work full time,Master's degree,T1,Mamdani; Pooh
iP4f8d262d226b7ca7,Order4,Democrat (Left-aligned),OP-Civil,Opposed,Civil,0,0,Political,47,Male,White/Caucasian,Work full time,Master's degree,T5,Laptop/Epstein; Spongebob
iP4f8d262d226b7ca7,Order4,Democrat (Left-aligned),OP-Uncivil,Opposed,Uncivil,1,1,Political,47,Male,White/Caucasian,Work full time,Master's degree,T3,Gov. shutdown; Farquaad
iP5038529e568cce99,Order4,Democrat (Left-aligned),AL-Borderline,Aligned,Borderline,1,2,Political,45,Male,White/Caucasian,Homemaker,"Some college credit, no degree",T6,Green energy; Spongebob
iP5038529e568cce99,Order4,Democrat (Left-aligned),AL-Civil,Aligned,Civil,1,2,Political,45,Male,White/Caucasian,Homemaker,"Some college credit, no degree",T4,Economy; Simpsons
iP5038529e568cce99,Order4,Democrat (Left-aligned),AL-Uncivil,Aligned,Uncivil,1,4,Political,45,Male,White/Caucasian,Homemaker,"Some college credit, no degree",T2,Election sec.; Simpsons
iP5038529e568cce99,Order4,Democrat (Left-aligned),OP-Borderline,Opposed,Borderline,1,3,Political,45,Male,White/Caucasian,Homemaker,"Some college credit, no degree",T1,Mamdani; Pooh
iP5038529e568cce99,Order4,Democrat (Left-aligned),OP-Civil,Opposed,Civil,1,3,Political,45,Male,White/Caucasian,Homemaker,"Some college credit, no degree",T5,Laptop/Epstein; Spongebob
iP5038529e568cce99,Order4,Democrat (Left-aligned),OP-Uncivil,Opposed,Uncivil,1,4,Political,45,Male,White/Caucasian,Homemaker,"Some college credit, no degree",T3,Gov. shutdown; Farquaad
iP5103bd794595cb19,Order6,Democrat (Left-aligned),AL-Borderline,Aligned,Borderline,0,0,Political,50,Female,White/Caucasian,Work part time,Bachelor's degree,T2,Election sec.; Simpsons
iP5103bd794595cb19,Order6,Democrat (Left-aligned),AL-Civil,Aligned,Civil,0,0,Political,50,Female,White/Caucasian,Work part time,Bachelor's degree,T6,Green energy; Spongebob
iP5103bd794595cb19,Order6,Democrat (Left-aligned),AL-Uncivil,Aligned,Uncivil,1,2,Political,50,Female,White/Caucasian,Work part time,Bachelor's degree,T4,Economy; Simpsons
iP5103bd794595cb19,Order6,Democrat (Left-aligned),OP-Borderline,Opposed,Borderline,0,0,Political,50,Female,White/Caucasian,Work part time,Bachelor's degree,T3,Gov. shutdown; Farquaad
iP5103bd794595cb19,Order6,Democrat (Left-aligned),OP-Civil,Opposed,Civil,0,0,Political,50,Female,White/Caucasian,Work part time,Bachelor's degree,T1,Mamdani; Pooh
iP5103bd794595cb19,Order6,Democrat (Left-aligned),OP-Uncivil,Opposed,Uncivil,0,0,Political,50,Female,White/Caucasian,Work part time,Bachelor's degree,T5,Laptop/Epstein; Spongebob
iP511c3b171a872a4e,Order2,Republican (Right-aligned),AL-Borderline,Aligned,Borderline,1,2,Political,21,Male,Other race or ethnicity,Student,"Some college credit, no degree",T5,Laptop/Epstein; Spongebob
iP511c3b171a872a4e,Order2,Republican (Right-aligned),AL-Civil,Aligned,Civil,1,1,Political,21,Male,Other race or ethnicity,Student,"Some college credit, no degree",T3,Gov. shutdown; Farquaad
iP511c3b171a872a4e,Order2,Republican (Right-aligned),AL-Uncivil,Aligned,Uncivil,1,2,Political,21,Male,Other race or ethnicity,Student,"Some college credit, no degree",T1,Mamdani; Pooh
iP511c3b171a872a4e,Order2,Republican (Right-aligned),OP-Borderline,Opposed,Borderline,1,3,Political,21,Male,Other race or ethnicity,Student,"Some college credit, no degree",T4,Economy; Simpsons
iP511c3b171a872a4e,Order2,Republican (Right-aligned),OP-Civil,Opposed,Civil,1,3,Political,21,Male,Other race or ethnicity,Student,"Some college credit, no degree",T2,Election sec.; Simpsons
iP511c3b171a872a4e,Order2,Republican (Right-aligned),OP-Uncivil,Opposed,Uncivil,1,4,Political,21,Male,Other race or ethnicity,Student,"Some college credit, no degree",T6,Green energy; Spongebob
iP519ab5d3c289f919,Order6,Democrat (Left-aligned),AL-Borderline,Aligned,Borderline,0,0,Political,57,Male,Black/African American,Retired,Bachelor's degree,T2,Election sec.; Simpsons
iP519ab5d3c289f919,Order6,Democrat (Left-aligned),AL-Civil,Aligned,Civil,0,0,Political,57,Male,Black/African American,Retired,Bachelor's degree,T6,Green energy; Spongebob
iP519ab5d3c289f919,Order6,Democrat (Left-aligned),AL-Uncivil,Aligned,Uncivil,1,1,Political,57,Male,Black/African American,Retired,Bachelor's degree,T4,Economy; Simpsons
iP519ab5d3c289f919,Order6,Democrat (Left-aligned),OP-Borderline,Opposed,Borderline,1,1,Political,57,Male,Black/African American,Retired,Bachelor's degree,T3,Gov. shutdown; Farquaad
iP519ab5d3c289f919,Order6,Democrat (Left-aligned),OP-Civil,Opposed,Civil,0,0,Political,57,Male,Black/African American,Retired,Bachelor's degree,T1,Mamdani; Pooh
iP519ab5d3c289f919,Order6,Democrat (Left-aligned),OP-Uncivil,Opposed,Uncivil,0,0,Political,57,Male,Black/African American,Retired,Bachelor's degree,T5,Laptop/Epstein; Spongebob
iP51aa72150edf6be3,Order2,Republican (Right-aligned),AL-Borderline,Aligned,Borderline,1,1,Political,56,Male,White/Caucasian,Other,"Some college credit, no degree",T5,Laptop/Epstein; Spongebob
iP51aa72150edf6be3,Order2,Republican (Right-aligned),AL-Civil,Aligned,Civil,1,4,Political,56,Male,White/Caucasian,Other,"Some college credit, no degree",T3,Gov. shutdown; Farquaad
iP51aa72150edf6be3,Order2,Republican (Right-aligned),AL-Uncivil,Aligned,Uncivil,1,2,Political,56,Male,White/Caucasian,Other,"Some college credit, no degree",T1,Mamdani; Pooh
iP51aa72150edf6be3,Order2,Republican (Right-aligned),OP-Borderline,Opposed,Borderline,1,1,Political,56,Male,White/Caucasian,Other,"Some college credit, no degree",T4,Economy; Simpsons
iP51aa72150edf6be3,Order2,Republican (Right-aligned),OP-Civil,Opposed,Civil,0,0,Political,56,Male,White/Caucasian,Other,"Some college credit, no degree",T2,Election sec.; Simpsons
iP51aa72150edf6be3,Order2,Republican (Right-aligned),OP-Uncivil,Opposed,Uncivil,1,4,Political,56,Male,White/Caucasian,Other,"Some college credit, no degree",T6,Green energy; Spongebob
iP524084e761b382f1,Order4,Democrat (Left-aligned),AL-Borderline,Aligned,Borderline,0,0,Political,40,Male,White/Caucasian,Work full time,Master's degree,T6,Green energy; Spongebob
iP524084e761b382f1,Order4,Democrat (Left-aligned),AL-Civil,Aligned,Civil,0,0,Political,40,Male,White/Caucasian,Work full time,Master's degree,T4,Economy; Simpsons
iP524084e761b382f1,Order4,Democrat (Left-aligned),AL-Uncivil,Aligned,Uncivil,0,0,Political,40,Male,White/Caucasian,Work full time,Master's degree,T2,Election sec.; Simpsons
iP524084e761b382f1,Order4,Democrat (Left-aligned),OP-Borderline,Opposed,Borderline,0,0,Political,40,Male,White/Caucasian,Work full time,Master's degree,T1,Mamdani; Pooh
iP524084e761b382f1,Order4,Democrat (Left-aligned),OP-Civil,Opposed,Civil,0,0,Political,40,Male,White/Caucasian,Work full time,Master's degree,T5,Laptop/Epstein; Spongebob
iP524084e761b382f1,Order4,Democrat (Left-aligned),OP-Uncivil,Opposed,Uncivil,0,0,Political,40,Male,White/Caucasian,Work full time,Master's degree,T3,Gov. shutdown; Farquaad
iP5461ca2b0df2625a,Order4,Democrat (Left-aligned),AL-Borderline,Aligned,Borderline,0,0,Political,23,Male,Black/African American,Work full time,"High school graduate, diploma or the equivalent (for example: GED)",T6,Green energy; Spongebob
iP5461ca2b0df2625a,Order4,Democrat (Left-aligned),AL-Civil,Aligned,Civil,0,0,Political,23,Male,Black/African American,Work full time,"High school graduate, diploma or the equivalent (for example: GED)",T4,Economy; Simpsons
iP5461ca2b0df2625a,Order4,Democrat (Left-aligned),AL-Uncivil,Aligned,Uncivil,0,0,Political,23,Male,Black/African American,Work full time,"High school graduate, diploma or the equivalent (for example: GED)",T2,Election sec.; Simpsons
iP5461ca2b0df2625a,Order4,Democrat (Left-aligned),OP-Borderline,Opposed,Borderline,1,1,Political,23,Male,Black/African American,Work full time,"High school graduate, diploma or the equivalent (for example: GED)",T1,Mamdani; Pooh
iP5461ca2b0df2625a,Order4,Democrat (Left-aligned),OP-Civil,Opposed,Civil,0,0,Political,23,Male,Black/African American,Work full time,"High school graduate, diploma or the equivalent (for example: GED)",T5,Laptop/Epstein; Spongebob
iP5461ca2b0df2625a,Order4,Democrat (Left-aligned),OP-Uncivil,Opposed,Uncivil,1,1,Political,23,Male,Black/African American,Work full time,"High school graduate, diploma or the equivalent (for example: GED)",T3,Gov. shutdown; Farquaad
iP5475a3cbd450931c,Order6,Democrat (Left-aligned),AL-Borderline,Aligned,Borderline,1,4,Political,71,Female,White/Caucasian,Work part time,Master's degree,T2,Election sec.; Simpsons
iP5475a3cbd450931c,Order6,Democrat (Left-aligned),AL-Civil,Aligned,Civil,0,0,Political,71,Female,White/Caucasian,Work part time,Master's degree,T6,Green energy; Spongebob
iP5475a3cbd450931c,Order6,Democrat (Left-aligned),AL-Uncivil,Aligned,Uncivil,1,4,Political,71,Female,White/Caucasian,Work part time,Master's degree,T4,Economy; Simpsons
iP5475a3cbd450931c,Order6,Democrat (Left-aligned),OP-Borderline,Opposed,Borderline,1,4,Political,71,Female,White/Caucasian,Work part time,Master's degree,T3,Gov. shutdown; Farquaad
iP5475a3cbd450931c,Order6,Democrat (Left-aligned),OP-Civil,Opposed,Civil,1,4,Political,71,Female,White/Caucasian,Work part time,Master's degree,T1,Mamdani; Pooh
iP5475a3cbd450931c,Order6,Democrat (Left-aligned),OP-Uncivil,Opposed,Uncivil,1,4,Political,71,Female,White/Caucasian,Work part time,Master's degree,T5,Laptop/Epstein; Spongebob
iP552c313136ed3186,Order2,Democrat (Left-aligned),AL-Borderline,Aligned,Borderline,0,0,Political,34,Female,White/Caucasian,Work full time,Bachelor's degree,T4,Economy; Simpsons
iP552c313136ed3186,Order2,Democrat (Left-aligned),AL-Civil,Aligned,Civil,0,0,Political,34,Female,White/Caucasian,Work full time,Bachelor's degree,T2,Election sec.; Simpsons
iP552c313136ed3186,Order2,Democrat (Left-aligned),AL-Uncivil,Aligned,Uncivil,1,1,Political,34,Female,White/Caucasian,Work full time,Bachelor's degree,T6,Green energy; Spongebob
iP552c313136ed3186,Order2,Democrat (Left-aligned),OP-Borderline,Opposed,Borderline,0,0,Political,34,Female,White/Caucasian,Work full time,Bachelor's degree,T5,Laptop/Epstein; Spongebob
iP552c313136ed3186,Order2,Democrat (Left-aligned),OP-Civil,Opposed,Civil,0,0,Political,34,Female,White/Caucasian,Work full time,Bachelor's degree,T3,Gov. shutdown; Farquaad
iP552c313136ed3186,Order2,Democrat (Left-aligned),OP-Uncivil,Opposed,Uncivil,1,3,Political,34,Female,White/Caucasian,Work full time,Bachelor's degree,T1,Mamdani; Pooh
iP565b43f7a4ea2a37,Order3,Republican (Right-aligned),AL-Borderline,Aligned,Borderline,1,3,Political,33,Female,White/Caucasian,Unemployed - looking for work,Less than high school graduate,T6,Green energy; Spongebob
iP565b43f7a4ea2a37,Order3,Republican (Right-aligned),AL-Civil,Aligned,Civil,1,1,Political,33,Female,White/Caucasian,Unemployed - looking for work,Less than high school graduate,T4,Economy; Simpsons
iP565b43f7a4ea2a37,Order3,Republican (Right-aligned),AL-Uncivil,Aligned,Uncivil,1,3,Political,33,Female,White/Caucasian,Unemployed - looking for work,Less than high school graduate,T2,Election sec.; Simpsons
iP565b43f7a4ea2a37,Order3,Republican (Right-aligned),OP-Borderline,Opposed,Borderline,1,3,Political,33,Female,White/Caucasian,Unemployed - looking for work,Less than high school graduate,T5,Laptop/Epstein; Spongebob
iP565b43f7a4ea2a37,Order3,Republican (Right-aligned),OP-Civil,Opposed,Civil,1,2,Political,33,Female,White/Caucasian,Unemployed - looking for work,Less than high school graduate,T3,Gov. shutdown; Farquaad
iP565b43f7a4ea2a37,Order3,Republican (Right-aligned),OP-Uncivil,Opposed,Uncivil,1,4,Political,33,Female,White/Caucasian,Unemployed - looking for work,Less than high school graduate,T1,Mamdani; Pooh
iP575a36cba5225d4a,Order2,Democrat (Left-aligned),AL-Borderline,Aligned,Borderline,1,3,Political,23,Male,Black/African American,Work full time,Trade/technical/vocational training,T4,Economy; Simpsons
iP575a36cba5225d4a,Order2,Democrat (Left-aligned),AL-Civil,Aligned,Civil,1,3,Political,23,Male,Black/African American,Work full time,Trade/technical/vocational training,T2,Election sec.; Simpsons
iP575a36cba5225d4a,Order2,Democrat (Left-aligned),AL-Uncivil,Aligned,Uncivil,1,3,Political,23,Male,Black/African American,Work full time,Trade/technical/vocational training,T6,Green energy; Spongebob
iP575a36cba5225d4a,Order2,Democrat (Left-aligned),OP-Borderline,Opposed,Borderline,1,3,Political,23,Male,Black/African American,Work full time,Trade/technical/vocational training,T5,Laptop/Epstein; Spongebob
iP575a36cba5225d4a,Order2,Democrat (Left-aligned),OP-Civil,Opposed,Civil,1,1,Political,23,Male,Black/African American,Work full time,Trade/technical/vocational training,T3,Gov. shutdown; Farquaad
iP575a36cba5225d4a,Order2,Democrat (Left-aligned),OP-Uncivil,Opposed,Uncivil,1,3,Political,23,Male,Black/African American,Work full time,Trade/technical/vocational training,T1,Mamdani; Pooh
iP57635b6e287cd4ba,Order1,Democrat (Left-aligned),AL-Borderline,Aligned,Borderline,0,0,Political,31,Male,Other race or ethnicity,Work full time,"High school graduate, diploma or the equivalent (for example: GED)",T3,Gov. shutdown; Farquaad
iP57635b6e287cd4ba,Order1,Democrat (Left-aligned),AL-Civil,Aligned,Civil,0,0,Political,31,Male,Other race or ethnicity,Work full time,"High school graduate, diploma or the equivalent (for example: GED)",T1,Mamdani; Pooh
iP57635b6e287cd4ba,Order1,Democrat (Left-aligned),AL-Uncivil,Aligned,Uncivil,0,0,Political,31,Male,Other race or ethnicity,Work full time,"High school graduate, diploma or the equivalent (for example: GED)",T5,Laptop/Epstein; Spongebob
iP57635b6e287cd4ba,Order1,Democrat (Left-aligned),OP-Borderline,Opposed,Borderline,1,2,Political,31,Male,Other race or ethnicity,Work full time,"High school graduate, diploma or the equivalent (for example: GED)",T4,Economy; Simpsons
iP57635b6e287cd4ba,Order1,Democrat (Left-aligned),OP-Civil,Opposed,Civil,0,0,Political,31,Male,Other race or ethnicity,Work full time,"High school graduate, diploma or the equivalent (for example: GED)",T2,Election sec.; Simpsons
iP57635b6e287cd4ba,Order1,Democrat (Left-aligned),OP-Uncivil,Opposed,Uncivil,1,4,Political,31,Male,Other race or ethnicity,Work full time,"High school graduate, diploma or the equivalent (for example: GED)",T6,Green energy; Spongebob
iP57f00ae89d5c5858,Order1,Republican (Right-aligned),AL-Borderline,Aligned,Borderline,0,0,Political,46,Male,White/Caucasian,Work full time,"High school graduate, diploma or the equivalent (for example: GED)",T4,Economy; Simpsons
iP57f00ae89d5c5858,Order1,Republican (Right-aligned),AL-Civil,Aligned,Civil,0,0,Political,46,Male,White/Caucasian,Work full time,"High school graduate, diploma or the equivalent (for example: GED)",T2,Election sec.; Simpsons
iP57f00ae89d5c5858,Order1,Republican (Right-aligned),AL-Uncivil,Aligned,Uncivil,1,2,Political,46,Male,White/Caucasian,Work full time,"High school graduate, diploma or the equivalent (for example: GED)",T6,Green energy; Spongebob
iP57f00ae89d5c5858,Order1,Republican (Right-aligned),OP-Borderline,Opposed,Borderline,1,1,Political,46,Male,White/Caucasian,Work full time,"High school graduate, diploma or the equivalent (for example: GED)",T3,Gov. shutdown; Farquaad
iP57f00ae89d5c5858,Order1,Republican (Right-aligned),OP-Civil,Opposed,Civil,1,2,Political,46,Male,White/Caucasian,Work full time,"High school graduate, diploma or the equivalent (for example: GED)",T1,Mamdani; Pooh
iP57f00ae89d5c5858,Order1,Republican (Right-aligned),OP-Uncivil,Opposed,Uncivil,1,3,Political,46,Male,White/Caucasian,Work full time,"High school graduate, diploma or the equivalent (for example: GED)",T5,Laptop/Epstein; Spongebob
iP58c615a2607736db,Order6,Democrat (Left-aligned),AL-Borderline,Aligned,Borderline,0,0,Political,45,Male,White/Caucasian,Work full time,Master's degree,T2,Election sec.; Simpsons
iP58c615a2607736db,Order6,Democrat (Left-aligned),AL-Civil,Aligned,Civil,0,0,Political,45,Male,White/Caucasian,Work full time,Master's degree,T6,Green energy; Spongebob
iP58c615a2607736db,Order6,Democrat (Left-aligned),AL-Uncivil,Aligned,Uncivil,1,2,Political,45,Male,White/Caucasian,Work full time,Master's degree,T4,Economy; Simpsons
iP58c615a2607736db,Order6,Democrat (Left-aligned),OP-Borderline,Opposed,Borderline,0,0,Political,45,Male,White/Caucasian,Work full time,Master's degree,T3,Gov. shutdown; Farquaad
iP58c615a2607736db,Order6,Democrat (Left-aligned),OP-Civil,Opposed,Civil,0,0,Political,45,Male,White/Caucasian,Work full time,Master's degree,T1,Mamdani; Pooh
iP58c615a2607736db,Order6,Democrat (Left-aligned),OP-Uncivil,Opposed,Uncivil,1,1,Political,45,Male,White/Caucasian,Work full time,Master's degree,T5,Laptop/Epstein; Spongebob
iP5928f5b7d42631dd,Order2,Democrat (Left-aligned),AL-Borderline,Aligned,Borderline,0,0,Political,62,Female,White/Caucasian,Work part time,Bachelor's degree,T4,Economy; Simpsons
iP5928f5b7d42631dd,Order2,Democrat (Left-aligned),AL-Civil,Aligned,Civil,1,1,Political,62,Female,White/Caucasian,Work part time,Bachelor's degree,T2,Election sec.; Simpsons
iP5928f5b7d42631dd,Order2,Democrat (Left-aligned),AL-Uncivil,Aligned,Uncivil,1,1,Political,62,Female,White/Caucasian,Work part time,Bachelor's degree,T6,Green energy; Spongebob
iP5928f5b7d42631dd,Order2,Democrat (Left-aligned),OP-Borderline,Opposed,Borderline,1,2,Political,62,Female,White/Caucasian,Work part time,Bachelor's degree,T5,Laptop/Epstein; Spongebob
iP5928f5b7d42631dd,Order2,Democrat (Left-aligned),OP-Civil,Opposed,Civil,0,0,Political,62,Female,White/Caucasian,Work part time,Bachelor's degree,T3,Gov. shutdown; Farquaad
iP5928f5b7d42631dd,Order2,Democrat (Left-aligned),OP-Uncivil,Opposed,Uncivil,1,3,Political,62,Female,White/Caucasian,Work part time,Bachelor's degree,T1,Mamdani; Pooh
iP59ce8381cbe0bca8,Order5,Democrat (Left-aligned),AL-Borderline,Aligned,Borderline,1,2,Political,69,Male,White/Caucasian,Retired,Bachelor's degree,T1,Mamdani; Pooh
iP59ce8381cbe0bca8,Order5,Democrat (Left-aligned),AL-Civil,Aligned,Civil,0,0,Political,69,Male,White/Caucasian,Retired,Bachelor's degree,T5,Laptop/Epstein; Spongebob
iP59ce8381cbe0bca8,Order5,Democrat (Left-aligned),AL-Uncivil,Aligned,Uncivil,1,2,Political,69,Male,White/Caucasian,Retired,Bachelor's degree,T3,Gov. shutdown; Farquaad
iP59ce8381cbe0bca8,Order5,Democrat (Left-aligned),OP-Borderline,Opposed,Borderline,1,2,Political,69,Male,White/Caucasian,Retired,Bachelor's degree,T2,Election sec.; Simpsons
iP59ce8381cbe0bca8,Order5,Democrat (Left-aligned),OP-Civil,Opposed,Civil,0,0,Political,69,Male,White/Caucasian,Retired,Bachelor's degree,T6,Green energy; Spongebob
iP59ce8381cbe0bca8,Order5,Democrat (Left-aligned),OP-Uncivil,Opposed,Uncivil,1,2,Political,69,Male,White/Caucasian,Retired,Bachelor's degree,T4,Economy; Simpsons
iP59fcd875cacada3a,Order5,Republican (Right-aligned),AL-Borderline,Aligned,Borderline,1,1,Political,78,Female,White/Caucasian,Retired,Associate degree,T2,Election sec.; Simpsons
iP59fcd875cacada3a,Order5,Republican (Right-aligned),AL-Civil,Aligned,Civil,1,1,Political,78,Female,White/Caucasian,Retired,Associate degree,T6,Green energy; Spongebob
iP59fcd875cacada3a,Order5,Republican (Right-aligned),AL-Uncivil,Aligned,Uncivil,1,3,Political,78,Female,White/Caucasian,Retired,Associate degree,T4,Economy; Simpsons
iP59fcd875cacada3a,Order5,Republican (Right-aligned),OP-Borderline,Opposed,Borderline,1,1,Political,78,Female,White/Caucasian,Retired,Associate degree,T1,Mamdani; Pooh
iP59fcd875cacada3a,Order5,Republican (Right-aligned),OP-Civil,Opposed,Civil,1,3,Political,78,Female,White/Caucasian,Retired,Associate degree,T5,Laptop/Epstein; Spongebob
iP59fcd875cacada3a,Order5,Republican (Right-aligned),OP-Uncivil,Opposed,Uncivil,1,3,Political,78,Female,White/Caucasian,Retired,Associate degree,T3,Gov. shutdown; Farquaad
iP5a648249b2e3c9c9,Order1,Republican (Right-aligned),AL-Borderline,Aligned,Borderline,1,3,Political,68,Male,White/Caucasian,Unemployed - looking for work,Associate degree,T4,Economy; Simpsons
iP5a648249b2e3c9c9,Order1,Republican (Right-aligned),AL-Civil,Aligned,Civil,1,3,Political,68,Male,White/Caucasian,Unemployed - looking for work,Associate degree,T2,Election sec.; Simpsons
iP5a648249b2e3c9c9,Order1,Republican (Right-aligned),AL-Uncivil,Aligned,Uncivil,1,3,Political,68,Male,White/Caucasian,Unemployed - looking for work,Associate degree,T6,Green energy; Spongebob
iP5a648249b2e3c9c9,Order1,Republican (Right-aligned),OP-Borderline,Opposed,Borderline,1,3,Political,68,Male,White/Caucasian,Unemployed - looking for work,Associate degree,T3,Gov. shutdown; Farquaad
iP5a648249b2e3c9c9,Order1,Republican (Right-aligned),OP-Civil,Opposed,Civil,1,3,Political,68,Male,White/Caucasian,Unemployed - looking for work,Associate degree,T1,Mamdani; Pooh
iP5a648249b2e3c9c9,Order1,Republican (Right-aligned),OP-Uncivil,Opposed,Uncivil,1,3,Political,68,Male,White/Caucasian,Unemployed - looking for work,Associate degree,T5,Laptop/Epstein; Spongebob
iP5afa67287a769e24,Order3,Democrat (Left-aligned),AL-Borderline,Aligned,Borderline,0,0,Political,28,Female,Black/African American,Unemployed - looking for work,"High school graduate, diploma or the equivalent (for example: GED)",T5,Laptop/Epstein; Spongebob
iP5afa67287a769e24,Order3,Democrat (Left-aligned),AL-Civil,Aligned,Civil,0,0,Political,28,Female,Black/African American,Unemployed - looking for work,"High school graduate, diploma or the equivalent (for example: GED)",T3,Gov. shutdown; Farquaad
iP5afa67287a769e24,Order3,Democrat (Left-aligned),AL-Uncivil,Aligned,Uncivil,1,1,Political,28,Female,Black/African American,Unemployed - looking for work,"High school graduate, diploma or the equivalent (for example: GED)",T1,Mamdani; Pooh
iP5afa67287a769e24,Order3,Democrat (Left-aligned),OP-Borderline,Opposed,Borderline,0,0,Political,28,Female,Black/African American,Unemployed - looking for work,"High school graduate, diploma or the equivalent (for example: GED)",T6,Green energy; Spongebob
iP5afa67287a769e24,Order3,Democrat (Left-aligned),OP-Civil,Opposed,Civil,0,0,Political,28,Female,Black/African American,Unemployed - looking for work,"High school graduate, diploma or the equivalent (for example: GED)",T4,Economy; Simpsons
iP5afa67287a769e24,Order3,Democrat (Left-aligned),OP-Uncivil,Opposed,Uncivil,1,1,Political,28,Female,Black/African American,Unemployed - looking for work,"High school graduate, diploma or the equivalent (for example: GED)",T2,Election sec.; Simpsons
iP5bcc8fceefc9e9da,Order2,Republican (Right-aligned),AL-Borderline,Aligned,Borderline,0,0,Political,58,Male,White/Caucasian,Work part time,"Some college credit, no degree",T5,Laptop/Epstein; Spongebob
iP5bcc8fceefc9e9da,Order2,Republican (Right-aligned),AL-Civil,Aligned,Civil,1,2,Political,58,Male,White/Caucasian,Work part time,"Some college credit, no degree",T3,Gov. shutdown; Farquaad
iP5bcc8fceefc9e9da,Order2,Republican (Right-aligned),AL-Uncivil,Aligned,Uncivil,1,4,Political,58,Male,White/Caucasian,Work part time,"Some college credit, no degree",T1,Mamdani; Pooh
iP5bcc8fceefc9e9da,Order2,Republican (Right-aligned),OP-Borderline,Opposed,Borderline,1,3,Political,58,Male,White/Caucasian,Work part time,"Some college credit, no degree",T4,Economy; Simpsons
iP5bcc8fceefc9e9da,Order2,Republican (Right-aligned),OP-Civil,Opposed,Civil,0,0,Political,58,Male,White/Caucasian,Work part time,"Some college credit, no degree",T2,Election sec.; Simpsons
iP5bcc8fceefc9e9da,Order2,Republican (Right-aligned),OP-Uncivil,Opposed,Uncivil,1,4,Political,58,Male,White/Caucasian,Work part time,"Some college credit, no degree",T6,Green energy; Spongebob
iP5ce710f1c3a0ca06,Order2,Republican (Right-aligned),AL-Borderline,Aligned,Borderline,1,2,Political,75,Female,White/Caucasian,Retired,"Some college credit, no degree",T5,Laptop/Epstein; Spongebob
iP5ce710f1c3a0ca06,Order2,Republican (Right-aligned),AL-Civil,Aligned,Civil,1,1,Political,75,Female,White/Caucasian,Retired,"Some college credit, no degree",T3,Gov. shutdown; Farquaad
iP5ce710f1c3a0ca06,Order2,Republican (Right-aligned),AL-Uncivil,Aligned,Uncivil,1,3,Political,75,Female,White/Caucasian,Retired,"Some college credit, no degree",T1,Mamdani; Pooh
iP5ce710f1c3a0ca06,Order2,Republican (Right-aligned),OP-Borderline,Opposed,Borderline,1,2,Political,75,Female,White/Caucasian,Retired,"Some college credit, no degree",T4,Economy; Simpsons
iP5ce710f1c3a0ca06,Order2,Republican (Right-aligned),OP-Civil,Opposed,Civil,0,0,Political,75,Female,White/Caucasian,Retired,"Some college credit, no degree",T2,Election sec.; Simpsons
iP5ce710f1c3a0ca06,Order2,Republican (Right-aligned),OP-Uncivil,Opposed,Uncivil,1,4,Political,75,Female,White/Caucasian,Retired,"Some college credit, no degree",T6,Green energy; Spongebob
iP5fae2cdb8882f4b5,Order2,Democrat (Left-aligned),AL-Borderline,Aligned,Borderline,1,1,Political,55,Male,White/Caucasian,Retired,"High school graduate, diploma or the equivalent (for example: GED)",T4,Economy; Simpsons
iP5fae2cdb8882f4b5,Order2,Democrat (Left-aligned),AL-Civil,Aligned,Civil,0,0,Political,55,Male,White/Caucasian,Retired,"High school graduate, diploma or the equivalent (for example: GED)",T2,Election sec.; Simpsons
iP5fae2cdb8882f4b5,Order2,Democrat (Left-aligned),AL-Uncivil,Aligned,Uncivil,1,3,Political,55,Male,White/Caucasian,Retired,"High school graduate, diploma or the equivalent (for example: GED)",T6,Green energy; Spongebob
iP5fae2cdb8882f4b5,Order2,Democrat (Left-aligned),OP-Borderline,Opposed,Borderline,1,1,Political,55,Male,White/Caucasian,Retired,"High school graduate, diploma or the equivalent (for example: GED)",T5,Laptop/Epstein; Spongebob
iP5fae2cdb8882f4b5,Order2,Democrat (Left-aligned),OP-Civil,Opposed,Civil,1,1,Political,55,Male,White/Caucasian,Retired,"High school graduate, diploma or the equivalent (for example: GED)",T3,Gov. shutdown; Farquaad
iP5fae2cdb8882f4b5,Order2,Democrat (Left-aligned),OP-Uncivil,Opposed,Uncivil,1,3,Political,55,Male,White/Caucasian,Retired,"High school graduate, diploma or the equivalent (for example: GED)",T1,Mamdani; Pooh
iP5fb688a298b8e1d5,Order6,Republican (Right-aligned),AL-Borderline,Aligned,Borderline,1,2,Political,70,Female,White/Caucasian,Work part time,Bachelor's degree,T3,Gov. shutdown; Farquaad
iP5fb688a298b8e1d5,Order6,Republican (Right-aligned),AL-Civil,Aligned,Civil,1,1,Political,70,Female,White/Caucasian,Work part time,Bachelor's degree,T1,Mamdani; Pooh
iP5fb688a298b8e1d5,Order6,Republican (Right-aligned),AL-Uncivil,Aligned,Uncivil,1,2,Political,70,Female,White/Caucasian,Work part time,Bachelor's degree,T5,Laptop/Epstein; Spongebob
iP5fb688a298b8e1d5,Order6,Republican (Right-aligned),OP-Borderline,Opposed,Borderline,1,2,Political,70,Female,White/Caucasian,Work part time,Bachelor's degree,T2,Election sec.; Simpsons
iP5fb688a298b8e1d5,Order6,Republican (Right-aligned),OP-Civil,Opposed,Civil,1,2,Political,70,Female,White/Caucasian,Work part time,Bachelor's degree,T6,Green energy; Spongebob
iP5fb688a298b8e1d5,Order6,Republican (Right-aligned),OP-Uncivil,Opposed,Uncivil,1,2,Political,70,Female,White/Caucasian,Work part time,Bachelor's degree,T4,Economy; Simpsons
iP602d84d9b0035344,Order3,Democrat (Left-aligned),AL-Borderline,Aligned,Borderline,0,0,Political,48,Male,White/Caucasian,Work part time,Bachelor's degree,T5,Laptop/Epstein; Spongebob
iP602d84d9b0035344,Order3,Democrat (Left-aligned),AL-Civil,Aligned,Civil,0,0,Political,48,Male,White/Caucasian,Work part time,Bachelor's degree,T3,Gov. shutdown; Farquaad
iP602d84d9b0035344,Order3,Democrat (Left-aligned),AL-Uncivil,Aligned,Uncivil,1,1,Political,48,Male,White/Caucasian,Work part time,Bachelor's degree,T1,Mamdani; Pooh
iP602d84d9b0035344,Order3,Democrat (Left-aligned),OP-Borderline,Opposed,Borderline,0,0,Political,48,Male,White/Caucasian,Work part time,Bachelor's degree,T6,Green energy; Spongebob
iP602d84d9b0035344,Order3,Democrat (Left-aligned),OP-Civil,Opposed,Civil,0,0,Political,48,Male,White/Caucasian,Work part time,Bachelor's degree,T4,Economy; Simpsons
iP602d84d9b0035344,Order3,Democrat (Left-aligned),OP-Uncivil,Opposed,Uncivil,1,4,Political,48,Male,White/Caucasian,Work part time,Bachelor's degree,T2,Election sec.; Simpsons
iP6191e7fdc60c595c,Order1,Republican (Right-aligned),AL-Borderline,Aligned,Borderline,1,1,Political,68,Female,White/Caucasian,Retired,"High school graduate, diploma or the equivalent (for example: GED)",T4,Economy; Simpsons
iP6191e7fdc60c595c,Order1,Republican (Right-aligned),AL-Civil,Aligned,Civil,0,0,Political,68,Female,White/Caucasian,Retired,"High school graduate, diploma or the equivalent (for example: GED)",T2,Election sec.; Simpsons
iP6191e7fdc60c595c,Order1,Republican (Right-aligned),AL-Uncivil,Aligned,Uncivil,1,2,Political,68,Female,White/Caucasian,Retired,"High school graduate, diploma or the equivalent (for example: GED)",T6,Green energy; Spongebob
iP6191e7fdc60c595c,Order1,Republican (Right-aligned),OP-Borderline,Opposed,Borderline,1,1,Political,68,Female,White/Caucasian,Retired,"High school graduate, diploma or the equivalent (for example: GED)",T3,Gov. shutdown; Farquaad
iP6191e7fdc60c595c,Order1,Republican (Right-aligned),OP-Civil,Opposed,Civil,1,2,Political,68,Female,White/Caucasian,Retired,"High school graduate, diploma or the equivalent (for example: GED)",T1,Mamdani; Pooh
iP6191e7fdc60c595c,Order1,Republican (Right-aligned),OP-Uncivil,Opposed,Uncivil,1,4,Political,68,Female,White/Caucasian,Retired,"High school graduate, diploma or the equivalent (for example: GED)",T5,Laptop/Epstein; Spongebob
iP629f6e6c36c4a643,Order5,Democrat (Left-aligned),AL-Borderline,Aligned,Borderline,1,1,Political,47,Female,White/Caucasian,Work part time,Master's degree,T1,Mamdani; Pooh
iP629f6e6c36c4a643,Order5,Democrat (Left-aligned),AL-Civil,Aligned,Civil,1,3,Political,47,Female,White/Caucasian,Work part time,Master's degree,T5,Laptop/Epstein; Spongebob
iP629f6e6c36c4a643,Order5,Democrat (Left-aligned),AL-Uncivil,Aligned,Uncivil,1,3,Political,47,Female,White/Caucasian,Work part time,Master's degree,T3,Gov. shutdown; Farquaad
iP629f6e6c36c4a643,Order5,Democrat (Left-aligned),OP-Borderline,Opposed,Borderline,1,3,Political,47,Female,White/Caucasian,Work part time,Master's degree,T2,Election sec.; Simpsons
iP629f6e6c36c4a643,Order5,Democrat (Left-aligned),OP-Civil,Opposed,Civil,1,2,Political,47,Female,White/Caucasian,Work part time,Master's degree,T6,Green energy; Spongebob
iP629f6e6c36c4a643,Order5,Democrat (Left-aligned),OP-Uncivil,Opposed,Uncivil,1,3,Political,47,Female,White/Caucasian,Work part time,Master's degree,T4,Economy; Simpsons
iP6382ece89901792c,Order3,Democrat (Left-aligned),AL-Borderline,Aligned,Borderline,0,0,Political,29,Male,Black/African American,Work full time,"High school graduate, diploma or the equivalent (for example: GED)",T5,Laptop/Epstein; Spongebob
iP6382ece89901792c,Order3,Democrat (Left-aligned),AL-Civil,Aligned,Civil,0,0,Political,29,Male,Black/African American,Work full time,"High school graduate, diploma or the equivalent (for example: GED)",T3,Gov. shutdown; Farquaad
iP6382ece89901792c,Order3,Democrat (Left-aligned),AL-Uncivil,Aligned,Uncivil,0,0,Political,29,Male,Black/African American,Work full time,"High school graduate, diploma or the equivalent (for example: GED)",T1,Mamdani; Pooh
iP6382ece89901792c,Order3,Democrat (Left-aligned),OP-Borderline,Opposed,Borderline,0,0,Political,29,Male,Black/African American,Work full time,"High school graduate, diploma or the equivalent (for example: GED)",T6,Green energy; Spongebob
iP6382ece89901792c,Order3,Democrat (Left-aligned),OP-Civil,Opposed,Civil,0,0,Political,29,Male,Black/African American,Work full time,"High school graduate, diploma or the equivalent (for example: GED)",T4,Economy; Simpsons
iP6382ece89901792c,Order3,Democrat (Left-aligned),OP-Uncivil,Opposed,Uncivil,0,0,Political,29,Male,Black/African American,Work full time,"High school graduate, diploma or the equivalent (for example: GED)",T2,Election sec.; Simpsons
iP63b513362d46506a,Order4,Republican (Right-aligned),AL-Borderline,Aligned,Borderline,0,0,Political,27,Female,White/Caucasian,Work part time,"Some college credit, no degree",T1,Mamdani; Pooh
iP63b513362d46506a,Order4,Republican (Right-aligned),AL-Civil,Aligned,Civil,0,0,Political,27,Female,White/Caucasian,Work part time,"Some college credit, no degree",T5,Laptop/Epstein; Spongebob
iP63b513362d46506a,Order4,Republican (Right-aligned),AL-Uncivil,Aligned,Uncivil,1,4,Political,27,Female,White/Caucasian,Work part time,"Some college credit, no degree",T3,Gov. shutdown; Farquaad
iP63b513362d46506a,Order4,Republican (Right-aligned),OP-Borderline,Opposed,Borderline,1,4,Political,27,Female,White/Caucasian,Work part time,"Some college credit, no degree",T6,Green energy; Spongebob
iP63b513362d46506a,Order4,Republican (Right-aligned),OP-Civil,Opposed,Civil,1,2,Political,27,Female,White/Caucasian,Work part time,"Some college credit, no degree",T4,Economy; Simpsons
iP63b513362d46506a,Order4,Republican (Right-aligned),OP-Uncivil,Opposed,Uncivil,0,0,Political,27,Female,White/Caucasian,Work part time,"Some college credit, no degree",T2,Election sec.; Simpsons
iP64e41ead68220f5b,Order6,Democrat (Left-aligned),AL-Borderline,Aligned,Borderline,1,1,Political,60,Female,White/Caucasian,Work part time,Master's degree,T2,Election sec.; Simpsons
iP64e41ead68220f5b,Order6,Democrat (Left-aligned),AL-Civil,Aligned,Civil,0,0,Political,60,Female,White/Caucasian,Work part time,Master's degree,T6,Green energy; Spongebob
iP64e41ead68220f5b,Order6,Democrat (Left-aligned),AL-Uncivil,Aligned,Uncivil,1,2,Political,60,Female,White/Caucasian,Work part time,Master's degree,T4,Economy; Simpsons
iP64e41ead68220f5b,Order6,Democrat (Left-aligned),OP-Borderline,Opposed,Borderline,1,2,Political,60,Female,White/Caucasian,Work part time,Master's degree,T3,Gov. shutdown; Farquaad
iP64e41ead68220f5b,Order6,Democrat (Left-aligned),OP-Civil,Opposed,Civil,1,2,Political,60,Female,White/Caucasian,Work part time,Master's degree,T1,Mamdani; Pooh
iP64e41ead68220f5b,Order6,Democrat (Left-aligned),OP-Uncivil,Opposed,Uncivil,1,2,Political,60,Female,White/Caucasian,Work part time,Master's degree,T5,Laptop/Epstein; Spongebob
iP654e2e3c35a2d5cb,Order6,Republican (Right-aligned),AL-Borderline,Aligned,Borderline,1,1,Political,41,Male,White/Caucasian,Work full time,Master's degree,T3,Gov. shutdown; Farquaad
iP654e2e3c35a2d5cb,Order6,Republican (Right-aligned),AL-Civil,Aligned,Civil,0,0,Political,41,Male,White/Caucasian,Work full time,Master's degree,T1,Mamdani; Pooh
iP654e2e3c35a2d5cb,Order6,Republican (Right-aligned),AL-Uncivil,Aligned,Uncivil,1,3,Political,41,Male,White/Caucasian,Work full time,Master's degree,T5,Laptop/Epstein; Spongebob
iP654e2e3c35a2d5cb,Order6,Republican (Right-aligned),OP-Borderline,Opposed,Borderline,0,0,Political,41,Male,White/Caucasian,Work full time,Master's degree,T2,Election sec.; Simpsons
iP654e2e3c35a2d5cb,Order6,Republican (Right-aligned),OP-Civil,Opposed,Civil,1,2,Political,41,Male,White/Caucasian,Work full time,Master's degree,T6,Green energy; Spongebob
iP654e2e3c35a2d5cb,Order6,Republican (Right-aligned),OP-Uncivil,Opposed,Uncivil,1,3,Political,41,Male,White/Caucasian,Work full time,Master's degree,T4,Economy; Simpsons
iP67ca4e6e3119db95,Order4,Republican (Right-aligned),AL-Borderline,Aligned,Borderline,1,1,Political,71,Male,Other race or ethnicity,Retired,"High school graduate, diploma or the equivalent (for example: GED)",T1,Mamdani; Pooh
iP67ca4e6e3119db95,Order4,Republican (Right-aligned),AL-Civil,Aligned,Civil,1,1,Political,71,Male,Other race or ethnicity,Retired,"High school graduate, diploma or the equivalent (for example: GED)",T5,Laptop/Epstein; Spongebob
iP67ca4e6e3119db95,Order4,Republican (Right-aligned),AL-Uncivil,Aligned,Uncivil,1,1,Political,71,Male,Other race or ethnicity,Retired,"High school graduate, diploma or the equivalent (for example: GED)",T3,Gov. shutdown; Farquaad
iP67ca4e6e3119db95,Order4,Republican (Right-aligned),OP-Borderline,Opposed,Borderline,1,2,Political,71,Male,Other race or ethnicity,Retired,"High school graduate, diploma or the equivalent (for example: GED)",T6,Green energy; Spongebob
iP67ca4e6e3119db95,Order4,Republican (Right-aligned),OP-Civil,Opposed,Civil,1,2,Political,71,Male,Other race or ethnicity,Retired,"High school graduate, diploma or the equivalent (for example: GED)",T4,Economy; Simpsons
iP67ca4e6e3119db95,Order4,Republican (Right-aligned),OP-Uncivil,Opposed,Uncivil,1,3,Political,71,Male,Other race or ethnicity,Retired,"High school graduate, diploma or the equivalent (for example: GED)",T2,Election sec.; Simpsons
iP68b93964ad762cea,Order3,Democrat (Left-aligned),AL-Borderline,Aligned,Borderline,0,0,Political,33,Female,White/Caucasian,Unemployed - not looking for work,"High school graduate, diploma or the equivalent (for example: GED)",T5,Laptop/Epstein; Spongebob
iP68b93964ad762cea,Order3,Democrat (Left-aligned),AL-Civil,Aligned,Civil,0,0,Political,33,Female,White/Caucasian,Unemployed - not looking for work,"High school graduate, diploma or the equivalent (for example: GED)",T3,Gov. shutdown; Farquaad
iP68b93964ad762cea,Order3,Democrat (Left-aligned),AL-Uncivil,Aligned,Uncivil,1,2,Political,33,Female,White/Caucasian,Unemployed - not looking for work,"High school graduate, diploma or the equivalent (for example: GED)",T1,Mamdani; Pooh
iP68b93964ad762cea,Order3,Democrat (Left-aligned),OP-Borderline,Opposed,Borderline,1,1,Political,33,Female,White/Caucasian,Unemployed - not looking for work,"High school graduate, diploma or the equivalent (for example: GED)",T6,Green energy; Spongebob
iP68b93964ad762cea,Order3,Democrat (Left-aligned),OP-Civil,Opposed,Civil,0,0,Political,33,Female,White/Caucasian,Unemployed - not looking for work,"High school graduate, diploma or the equivalent (for example: GED)",T4,Economy; Simpsons
iP68b93964ad762cea,Order3,Democrat (Left-aligned),OP-Uncivil,Opposed,Uncivil,1,4,Political,33,Female,White/Caucasian,Unemployed - not looking for work,"High school graduate, diploma or the equivalent (for example: GED)",T2,Election sec.; Simpsons
iP6916d7a0aab17787,Order6,Democrat (Left-aligned),AL-Borderline,Aligned,Borderline,1,2,Political,55,Female,Black/African American,Work full time,Master's degree,T2,Election sec.; Simpsons
iP6916d7a0aab17787,Order6,Democrat (Left-aligned),AL-Civil,Aligned,Civil,0,0,Political,55,Female,Black/African American,Work full time,Master's degree,T6,Green energy; Spongebob
iP6916d7a0aab17787,Order6,Democrat (Left-aligned),AL-Uncivil,Aligned,Uncivil,1,4,Political,55,Female,Black/African American,Work full time,Master's degree,T4,Economy; Simpsons
iP6916d7a0aab17787,Order6,Democrat (Left-aligned),OP-Borderline,Opposed,Borderline,1,3,Political,55,Female,Black/African American,Work full time,Master's degree,T3,Gov. shutdown; Farquaad
iP6916d7a0aab17787,Order6,Democrat (Left-aligned),OP-Civil,Opposed,Civil,1,2,Political,55,Female,Black/African American,Work full time,Master's degree,T1,Mamdani; Pooh
iP6916d7a0aab17787,Order6,Democrat (Left-aligned),OP-Uncivil,Opposed,Uncivil,1,4,Political,55,Female,Black/African American,Work full time,Master's degree,T5,Laptop/Epstein; Spongebob
iP6a266dc31f317259,Order3,Republican (Right-aligned),AL-Borderline,Aligned,Borderline,1,4,Political,74,Female,White/Caucasian,Retired,"High school graduate, diploma or the equivalent (for example: GED)",T6,Green energy; Spongebob
iP6a266dc31f317259,Order3,Republican (Right-aligned),AL-Civil,Aligned,Civil,1,4,Political,74,Female,White/Caucasian,Retired,"High school graduate, diploma or the equivalent (for example: GED)",T4,Economy; Simpsons
iP6a266dc31f317259,Order3,Republican (Right-aligned),AL-Uncivil,Aligned,Uncivil,1,4,Political,74,Female,White/Caucasian,Retired,"High school graduate, diploma or the equivalent (for example: GED)",T2,Election sec.; Simpsons
iP6a266dc31f317259,Order3,Republican (Right-aligned),OP-Borderline,Opposed,Borderline,1,4,Political,74,Female,White/Caucasian,Retired,"High school graduate, diploma or the equivalent (for example: GED)",T5,Laptop/Epstein; Spongebob
iP6a266dc31f317259,Order3,Republican (Right-aligned),OP-Civil,Opposed,Civil,1,4,Political,74,Female,White/Caucasian,Retired,"High school graduate, diploma or the equivalent (for example: GED)",T3,Gov. shutdown; Farquaad
iP6a266dc31f317259,Order3,Republican (Right-aligned),OP-Uncivil,Opposed,Uncivil,1,4,Political,74,Female,White/Caucasian,Retired,"High school graduate, diploma or the equivalent (for example: GED)",T1,Mamdani; Pooh
iP6aa9f2772fee0cbd,Order1,Democrat (Left-aligned),AL-Borderline,Aligned,Borderline,1,1,Political,41,Female,Black/African American,Work full time,Bachelor's degree,T3,Gov. shutdown; Farquaad
iP6aa9f2772fee0cbd,Order1,Democrat (Left-aligned),AL-Civil,Aligned,Civil,1,2,Political,41,Female,Black/African American,Work full time,Bachelor's degree,T1,Mamdani; Pooh
iP6aa9f2772fee0cbd,Order1,Democrat (Left-aligned),AL-Uncivil,Aligned,Uncivil,1,2,Political,41,Female,Black/African American,Work full time,Bachelor's degree,T5,Laptop/Epstein; Spongebob
iP6aa9f2772fee0cbd,Order1,Democrat (Left-aligned),OP-Borderline,Opposed,Borderline,1,2,Political,41,Female,Black/African American,Work full time,Bachelor's degree,T4,Economy; Simpsons
iP6aa9f2772fee0cbd,Order1,Democrat (Left-aligned),OP-Civil,Opposed,Civil,1,1,Political,41,Female,Black/African American,Work full time,Bachelor's degree,T2,Election sec.; Simpsons
iP6aa9f2772fee0cbd,Order1,Democrat (Left-aligned),OP-Uncivil,Opposed,Uncivil,1,4,Political,41,Female,Black/African American,Work full time,Bachelor's degree,T6,Green energy; Spongebob
iP6c056e2c117c9f2b,Order6,Democrat (Left-aligned),AL-Borderline,Aligned,Borderline,1,1,Political,56,Female,Black/African American,Other,"Some college credit, no degree",T2,Election sec.; Simpsons
iP6c056e2c117c9f2b,Order6,Democrat (Left-aligned),AL-Civil,Aligned,Civil,0,0,Political,56,Female,Black/African American,Other,"Some college credit, no degree",T6,Green energy; Spongebob
iP6c056e2c117c9f2b,Order6,Democrat (Left-aligned),AL-Uncivil,Aligned,Uncivil,1,2,Political,56,Female,Black/African American,Other,"Some college credit, no degree",T4,Economy; Simpsons
iP6c056e2c117c9f2b,Order6,Democrat (Left-aligned),OP-Borderline,Opposed,Borderline,1,1,Political,56,Female,Black/African American,Other,"Some college credit, no degree",T3,Gov. shutdown; Farquaad
iP6c056e2c117c9f2b,Order6,Democrat (Left-aligned),OP-Civil,Opposed,Civil,1,1,Political,56,Female,Black/African American,Other,"Some college credit, no degree",T1,Mamdani; Pooh
iP6c056e2c117c9f2b,Order6,Democrat (Left-aligned),OP-Uncivil,Opposed,Uncivil,1,2,Political,56,Female,Black/African American,Other,"Some college credit, no degree",T5,Laptop/Epstein; Spongebob
iP6d9507dcb8b2ec48,Order4,Democrat (Left-aligned),AL-Borderline,Aligned,Borderline,1,2,Political,45,Female,Black/African American,Work full time,"Some college credit, no degree",T6,Green energy; Spongebob
iP6d9507dcb8b2ec48,Order4,Democrat (Left-aligned),AL-Civil,Aligned,Civil,0,0,Political,45,Female,Black/African American,Work full time,"Some college credit, no degree",T4,Economy; Simpsons
iP6d9507dcb8b2ec48,Order4,Democrat (Left-aligned),AL-Uncivil,Aligned,Uncivil,1,4,Political,45,Female,Black/African American,Work full time,"Some college credit, no degree",T2,Election sec.; Simpsons
iP6d9507dcb8b2ec48,Order4,Democrat (Left-aligned),OP-Borderline,Opposed,Borderline,0,0,Political,45,Female,Black/African American,Work full time,"Some college credit, no degree",T1,Mamdani; Pooh
iP6d9507dcb8b2ec48,Order4,Democrat (Left-aligned),OP-Civil,Opposed,Civil,0,0,Political,45,Female,Black/African American,Work full time,"Some college credit, no degree",T5,Laptop/Epstein; Spongebob
iP6d9507dcb8b2ec48,Order4,Democrat (Left-aligned),OP-Uncivil,Opposed,Uncivil,1,4,Political,45,Female,Black/African American,Work full time,"Some college credit, no degree",T3,Gov. shutdown; Farquaad
iP6ee5e8ce41fcc4f2,Order1,Democrat (Left-aligned),AL-Borderline,Aligned,Borderline,1,2,Political,31,Female,White/Caucasian,Work full time,Master's degree,T3,Gov. shutdown; Farquaad
iP6ee5e8ce41fcc4f2,Order1,Democrat (Left-aligned),AL-Civil,Aligned,Civil,1,1,Political,31,Female,White/Caucasian,Work full time,Master's degree,T1,Mamdani; Pooh
iP6ee5e8ce41fcc4f2,Order1,Democrat (Left-aligned),AL-Uncivil,Aligned,Uncivil,1,3,Political,31,Female,White/Caucasian,Work full time,Master's degree,T5,Laptop/Epstein; Spongebob
iP6ee5e8ce41fcc4f2,Order1,Democrat (Left-aligned),OP-Borderline,Opposed,Borderline,1,2,Political,31,Female,White/Caucasian,Work full time,Master's degree,T4,Economy; Simpsons
iP6ee5e8ce41fcc4f2,Order1,Democrat (Left-aligned),OP-Civil,Opposed,Civil,1,2,Political,31,Female,White/Caucasian,Work full time,Master's degree,T2,Election sec.; Simpsons
iP6ee5e8ce41fcc4f2,Order1,Democrat (Left-aligned),OP-Uncivil,Opposed,Uncivil,1,3,Political,31,Female,White/Caucasian,Work full time,Master's degree,T6,Green energy; Spongebob
iP71b6684ab84ab32e,Order5,Republican (Right-aligned),AL-Borderline,Aligned,Borderline,1,1,Political,71,Male,White/Caucasian,Retired,Associate degree,T2,Election sec.; Simpsons
iP71b6684ab84ab32e,Order5,Republican (Right-aligned),AL-Civil,Aligned,Civil,0,0,Political,71,Male,White/Caucasian,Retired,Associate degree,T6,Green energy; Spongebob
iP71b6684ab84ab32e,Order5,Republican (Right-aligned),AL-Uncivil,Aligned,Uncivil,1,2,Political,71,Male,White/Caucasian,Retired,Associate degree,T4,Economy; Simpsons
iP71b6684ab84ab32e,Order5,Republican (Right-aligned),OP-Borderline,Opposed,Borderline,1,2,Political,71,Male,White/Caucasian,Retired,Associate degree,T1,Mamdani; Pooh
iP71b6684ab84ab32e,Order5,Republican (Right-aligned),OP-Civil,Opposed,Civil,0,0,Political,71,Male,White/Caucasian,Retired,Associate degree,T5,Laptop/Epstein; Spongebob
iP71b6684ab84ab32e,Order5,Republican (Right-aligned),OP-Uncivil,Opposed,Uncivil,1,2,Political,71,Male,White/Caucasian,Retired,Associate degree,T3,Gov. shutdown; Farquaad
iP73f4a518d0688af3,Order6,Democrat (Left-aligned),AL-Borderline,Aligned,Borderline,0,0,Political,39,Male,White/Caucasian,Work full time,Bachelor's degree,T2,Election sec.; Simpsons
iP73f4a518d0688af3,Order6,Democrat (Left-aligned),AL-Civil,Aligned,Civil,0,0,Political,39,Male,White/Caucasian,Work full time,Bachelor's degree,T6,Green energy; Spongebob
iP73f4a518d0688af3,Order6,Democrat (Left-aligned),AL-Uncivil,Aligned,Uncivil,1,2,Political,39,Male,White/Caucasian,Work full time,Bachelor's degree,T4,Economy; Simpsons
iP73f4a518d0688af3,Order6,Democrat (Left-aligned),OP-Borderline,Opposed,Borderline,1,2,Political,39,Male,White/Caucasian,Work full time,Bachelor's degree,T3,Gov. shutdown; Farquaad
iP73f4a518d0688af3,Order6,Democrat (Left-aligned),OP-Civil,Opposed,Civil,1,1,Political,39,Male,White/Caucasian,Work full time,Bachelor's degree,T1,Mamdani; Pooh
iP73f4a518d0688af3,Order6,Democrat (Left-aligned),OP-Uncivil,Opposed,Uncivil,1,3,Political,39,Male,White/Caucasian,Work full time,Bachelor's degree,T5,Laptop/Epstein; Spongebob
iP750faa3541c89758,Order2,Republican (Right-aligned),AL-Borderline,Aligned,Borderline,1,1,Political,61,Male,White/Caucasian,Work part time,Bachelor's degree,T5,Laptop/Epstein; Spongebob
iP750faa3541c89758,Order2,Republican (Right-aligned),AL-Civil,Aligned,Civil,1,3,Political,61,Male,White/Caucasian,Work part time,Bachelor's degree,T3,Gov. shutdown; Farquaad
iP750faa3541c89758,Order2,Republican (Right-aligned),AL-Uncivil,Aligned,Uncivil,1,1,Political,61,Male,White/Caucasian,Work part time,Bachelor's degree,T1,Mamdani; Pooh
iP750faa3541c89758,Order2,Republican (Right-aligned),OP-Borderline,Opposed,Borderline,1,4,Political,61,Male,White/Caucasian,Work part time,Bachelor's degree,T4,Economy; Simpsons
iP750faa3541c89758,Order2,Republican (Right-aligned),OP-Civil,Opposed,Civil,0,0,Political,61,Male,White/Caucasian,Work part time,Bachelor's degree,T2,Election sec.; Simpsons
iP750faa3541c89758,Order2,Republican (Right-aligned),OP-Uncivil,Opposed,Uncivil,1,4,Political,61,Male,White/Caucasian,Work part time,Bachelor's degree,T6,Green energy; Spongebob
iP75424bea30612bc3,Order3,Republican (Right-aligned),AL-Borderline,Aligned,Borderline,1,2,Political,73,Male,White/Caucasian,Retired,Associate degree,T6,Green energy; Spongebob
iP75424bea30612bc3,Order3,Republican (Right-aligned),AL-Civil,Aligned,Civil,0,0,Political,73,Male,White/Caucasian,Retired,Associate degree,T4,Economy; Simpsons
iP75424bea30612bc3,Order3,Republican (Right-aligned),AL-Uncivil,Aligned,Uncivil,1,2,Political,73,Male,White/Caucasian,Retired,Associate degree,T2,Election sec.; Simpsons
iP75424bea30612bc3,Order3,Republican (Right-aligned),OP-Borderline,Opposed,Borderline,1,3,Political,73,Male,White/Caucasian,Retired,Associate degree,T5,Laptop/Epstein; Spongebob
iP75424bea30612bc3,Order3,Republican (Right-aligned),OP-Civil,Opposed,Civil,1,3,Political,73,Male,White/Caucasian,Retired,Associate degree,T3,Gov. shutdown; Farquaad
iP75424bea30612bc3,Order3,Republican (Right-aligned),OP-Uncivil,Opposed,Uncivil,1,4,Political,73,Male,White/Caucasian,Retired,Associate degree,T1,Mamdani; Pooh
iP7562357eca052e9e,Order3,Republican (Right-aligned),AL-Borderline,Aligned,Borderline,0,0,Political,45,Female,White/Caucasian,Work part time,"High school graduate, diploma or the equivalent (for example: GED)",T6,Green energy; Spongebob
iP7562357eca052e9e,Order3,Republican (Right-aligned),AL-Civil,Aligned,Civil,0,0,Political,45,Female,White/Caucasian,Work part time,"High school graduate, diploma or the equivalent (for example: GED)",T4,Economy; Simpsons
iP7562357eca052e9e,Order3,Republican (Right-aligned),AL-Uncivil,Aligned,Uncivil,1,2,Political,45,Female,White/Caucasian,Work part time,"High school graduate, diploma or the equivalent (for example: GED)",T2,Election sec.; Simpsons
iP7562357eca052e9e,Order3,Republican (Right-aligned),OP-Borderline,Opposed,Borderline,0,0,Political,45,Female,White/Caucasian,Work part time,"High school graduate, diploma or the equivalent (for example: GED)",T5,Laptop/Epstein; Spongebob
iP7562357eca052e9e,Order3,Republican (Right-aligned),OP-Civil,Opposed,Civil,0,0,Political,45,Female,White/Caucasian,Work part time,"High school graduate, diploma or the equivalent (for example: GED)",T3,Gov. shutdown; Farquaad
iP7562357eca052e9e,Order3,Republican (Right-aligned),OP-Uncivil,Opposed,Uncivil,0,0,Political,45,Female,White/Caucasian,Work part time,"High school graduate, diploma or the equivalent (for example: GED)",T1,Mamdani; Pooh
iP761976ebb9c93def,Order6,Republican (Right-aligned),AL-Borderline,Aligned,Borderline,1,1,Political,47,Female,White/Caucasian,Work full time,Associate degree,T3,Gov. shutdown; Farquaad
iP761976ebb9c93def,Order6,Republican (Right-aligned),AL-Civil,Aligned,Civil,1,1,Political,47,Female,White/Caucasian,Work full time,Associate degree,T1,Mamdani; Pooh
iP761976ebb9c93def,Order6,Republican (Right-aligned),AL-Uncivil,Aligned,Uncivil,1,2,Political,47,Female,White/Caucasian,Work full time,Associate degree,T5,Laptop/Epstein; Spongebob
iP761976ebb9c93def,Order6,Republican (Right-aligned),OP-Borderline,Opposed,Borderline,1,2,Political,47,Female,White/Caucasian,Work full time,Associate degree,T2,Election sec.; Simpsons
iP761976ebb9c93def,Order6,Republican (Right-aligned),OP-Civil,Opposed,Civil,1,1,Political,47,Female,White/Caucasian,Work full time,Associate degree,T6,Green energy; Spongebob
iP761976ebb9c93def,Order6,Republican (Right-aligned),OP-Uncivil,Opposed,Uncivil,1,3,Political,47,Female,White/Caucasian,Work full time,Associate degree,T4,Economy; Simpsons
iP77e24e5c41919010,Order3,Republican (Right-aligned),AL-Borderline,Aligned,Borderline,0,0,Political,69,Female,White/Caucasian,Work full time,"High school graduate, diploma or the equivalent (for example: GED)",T6,Green energy; Spongebob
iP77e24e5c41919010,Order3,Republican (Right-aligned),AL-Civil,Aligned,Civil,0,0,Political,69,Female,White/Caucasian,Work full time,"High school graduate, diploma or the equivalent (for example: GED)",T4,Economy; Simpsons
iP77e24e5c41919010,Order3,Republican (Right-aligned),AL-Uncivil,Aligned,Uncivil,1,3,Political,69,Female,White/Caucasian,Work full time,"High school graduate, diploma or the equivalent (for example: GED)",T2,Election sec.; Simpsons
iP77e24e5c41919010,Order3,Republican (Right-aligned),OP-Borderline,Opposed,Borderline,1,1,Political,69,Female,White/Caucasian,Work full time,"High school graduate, diploma or the equivalent (for example: GED)",T5,Laptop/Epstein; Spongebob
iP77e24e5c41919010,Order3,Republican (Right-aligned),OP-Civil,Opposed,Civil,1,2,Political,69,Female,White/Caucasian,Work full time,"High school graduate, diploma or the equivalent (for example: GED)",T3,Gov. shutdown; Farquaad
iP77e24e5c41919010,Order3,Republican (Right-aligned),OP-Uncivil,Opposed,Uncivil,1,3,Political,69,Female,White/Caucasian,Work full time,"High school graduate, diploma or the equivalent (for example: GED)",T1,Mamdani; Pooh
iP780d8a702092d0bd,Order2,Republican (Right-aligned),AL-Borderline,Aligned,Borderline,0,0,Political,57,Male,White/Caucasian,Other,"High school graduate, diploma or the equivalent (for example: GED)",T5,Laptop/Epstein; Spongebob
iP780d8a702092d0bd,Order2,Republican (Right-aligned),AL-Civil,Aligned,Civil,1,2,Political,57,Male,White/Caucasian,Other,"High school graduate, diploma or the equivalent (for example: GED)",T3,Gov. shutdown; Farquaad
iP780d8a702092d0bd,Order2,Republican (Right-aligned),AL-Uncivil,Aligned,Uncivil,1,1,Political,57,Male,White/Caucasian,Other,"High school graduate, diploma or the equivalent (for example: GED)",T1,Mamdani; Pooh
iP780d8a702092d0bd,Order2,Republican (Right-aligned),OP-Borderline,Opposed,Borderline,0,0,Political,57,Male,White/Caucasian,Other,"High school graduate, diploma or the equivalent (for example: GED)",T4,Economy; Simpsons
iP780d8a702092d0bd,Order2,Republican (Right-aligned),OP-Civil,Opposed,Civil,0,0,Political,57,Male,White/Caucasian,Other,"High school graduate, diploma or the equivalent (for example: GED)",T2,Election sec.; Simpsons
iP780d8a702092d0bd,Order2,Republican (Right-aligned),OP-Uncivil,Opposed,Uncivil,1,2,Political,57,Male,White/Caucasian,Other,"High school graduate, diploma or the equivalent (for example: GED)",T6,Green energy; Spongebob
iP7874256f2caf2ee3,Order3,Republican (Right-aligned),AL-Borderline,Aligned,Borderline,1,1,Political,63,Male,White/Caucasian,Work full time,Bachelor's degree,T6,Green energy; Spongebob
iP7874256f2caf2ee3,Order3,Republican (Right-aligned),AL-Civil,Aligned,Civil,0,0,Political,63,Male,White/Caucasian,Work full time,Bachelor's degree,T4,Economy; Simpsons
iP7874256f2caf2ee3,Order3,Republican (Right-aligned),AL-Uncivil,Aligned,Uncivil,1,2,Political,63,Male,White/Caucasian,Work full time,Bachelor's degree,T2,Election sec.; Simpsons
iP7874256f2caf2ee3,Order3,Republican (Right-aligned),OP-Borderline,Opposed,Borderline,1,2,Political,63,Male,White/Caucasian,Work full time,Bachelor's degree,T5,Laptop/Epstein; Spongebob
iP7874256f2caf2ee3,Order3,Republican (Right-aligned),OP-Civil,Opposed,Civil,1,3,Political,63,Male,White/Caucasian,Work full time,Bachelor's degree,T3,Gov. shutdown; Farquaad
iP7874256f2caf2ee3,Order3,Republican (Right-aligned),OP-Uncivil,Opposed,Uncivil,1,2,Political,63,Male,White/Caucasian,Work full time,Bachelor's degree,T1,Mamdani; Pooh
iP7975ef2bd207ca48,Order4,Democrat (Left-aligned),AL-Borderline,Aligned,Borderline,0,0,Political,21,Female,White/Caucasian,Student,"Some college credit, no degree",T6,Green energy; Spongebob
iP7975ef2bd207ca48,Order4,Democrat (Left-aligned),AL-Civil,Aligned,Civil,0,0,Political,21,Female,White/Caucasian,Student,"Some college credit, no degree",T4,Economy; Simpsons
iP7975ef2bd207ca48,Order4,Democrat (Left-aligned),AL-Uncivil,Aligned,Uncivil,0,0,Political,21,Female,White/Caucasian,Student,"Some college credit, no degree",T2,Election sec.; Simpsons
iP7975ef2bd207ca48,Order4,Democrat (Left-aligned),OP-Borderline,Opposed,Borderline,0,0,Political,21,Female,White/Caucasian,Student,"Some college credit, no degree",T1,Mamdani; Pooh
iP7975ef2bd207ca48,Order4,Democrat (Left-aligned),OP-Civil,Opposed,Civil,0,0,Political,21,Female,White/Caucasian,Student,"Some college credit, no degree",T5,Laptop/Epstein; Spongebob
iP7975ef2bd207ca48,Order4,Democrat (Left-aligned),OP-Uncivil,Opposed,Uncivil,0,0,Political,21,Female,White/Caucasian,Student,"Some college credit, no degree",T3,Gov. shutdown; Farquaad
iP7b158a94f9b9fb89,Order1,Republican (Right-aligned),AL-Borderline,Aligned,Borderline,0,0,Political,42,Male,White/Caucasian,Other,Associate degree,T4,Economy; Simpsons
iP7b158a94f9b9fb89,Order1,Republican (Right-aligned),AL-Civil,Aligned,Civil,0,0,Political,42,Male,White/Caucasian,Other,Associate degree,T2,Election sec.; Simpsons
iP7b158a94f9b9fb89,Order1,Republican (Right-aligned),AL-Uncivil,Aligned,Uncivil,1,4,Political,42,Male,White/Caucasian,Other,Associate degree,T6,Green energy; Spongebob
iP7b158a94f9b9fb89,Order1,Republican (Right-aligned),OP-Borderline,Opposed,Borderline,1,3,Political,42,Male,White/Caucasian,Other,Associate degree,T3,Gov. shutdown; Farquaad
iP7b158a94f9b9fb89,Order1,Republican (Right-aligned),OP-Civil,Opposed,Civil,1,4,Political,42,Male,White/Caucasian,Other,Associate degree,T1,Mamdani; Pooh
iP7b158a94f9b9fb89,Order1,Republican (Right-aligned),OP-Uncivil,Opposed,Uncivil,1,4,Political,42,Male,White/Caucasian,Other,Associate degree,T5,Laptop/Epstein; Spongebob
iP7bbe0f20ff8959d1,Order5,Democrat (Left-aligned),AL-Borderline,Aligned,Borderline,0,0,Political,45,Female,Asian,Homemaker,Bachelor's degree,T1,Mamdani; Pooh
iP7bbe0f20ff8959d1,Order5,Democrat (Left-aligned),AL-Civil,Aligned,Civil,0,0,Political,45,Female,Asian,Homemaker,Bachelor's degree,T5,Laptop/Epstein; Spongebob
iP7bbe0f20ff8959d1,Order5,Democrat (Left-aligned),AL-Uncivil,Aligned,Uncivil,1,1,Political,45,Female,Asian,Homemaker,Bachelor's degree,T3,Gov. shutdown; Farquaad
iP7bbe0f20ff8959d1,Order5,Democrat (Left-aligned),OP-Borderline,Opposed,Borderline,1,2,Political,45,Female,Asian,Homemaker,Bachelor's degree,T2,Election sec.; Simpsons
iP7bbe0f20ff8959d1,Order5,Democrat (Left-aligned),OP-Civil,Opposed,Civil,0,0,Political,45,Female,Asian,Homemaker,Bachelor's degree,T6,Green energy; Spongebob
iP7bbe0f20ff8959d1,Order5,Democrat (Left-aligned),OP-Uncivil,Opposed,Uncivil,1,2,Political,45,Female,Asian,Homemaker,Bachelor's degree,T4,Economy; Simpsons
iP7dd6431523088a85,Order4,Democrat (Left-aligned),AL-Borderline,Aligned,Borderline,0,0,Political,26,Female,Black/African American,Work full time,"High school graduate, diploma or the equivalent (for example: GED)",T6,Green energy; Spongebob
iP7dd6431523088a85,Order4,Democrat (Left-aligned),AL-Civil,Aligned,Civil,0,0,Political,26,Female,Black/African American,Work full time,"High school graduate, diploma or the equivalent (for example: GED)",T4,Economy; Simpsons
iP7dd6431523088a85,Order4,Democrat (Left-aligned),AL-Uncivil,Aligned,Uncivil,0,0,Political,26,Female,Black/African American,Work full time,"High school graduate, diploma or the equivalent (for example: GED)",T2,Election sec.; Simpsons
iP7dd6431523088a85,Order4,Democrat (Left-aligned),OP-Borderline,Opposed,Borderline,0,0,Political,26,Female,Black/African American,Work full time,"High school graduate, diploma or the equivalent (for example: GED)",T1,Mamdani; Pooh
iP7dd6431523088a85,Order4,Democrat (Left-aligned),OP-Civil,Opposed,Civil,0,0,Political,26,Female,Black/African American,Work full time,"High school graduate, diploma or the equivalent (for example: GED)",T5,Laptop/Epstein; Spongebob
iP7dd6431523088a85,Order4,Democrat (Left-aligned),OP-Uncivil,Opposed,Uncivil,0,0,Political,26,Female,Black/African American,Work full time,"High school graduate, diploma or the equivalent (for example: GED)",T3,Gov. shutdown; Farquaad
iP7e3963dda1fc337a,Order4,Republican (Right-aligned),AL-Borderline,Aligned,Borderline,1,2,Political,26,Female,White/Caucasian,Unemployed - looking for work,"High school graduate, diploma or the equivalent (for example: GED)",T1,Mamdani; Pooh
iP7e3963dda1fc337a,Order4,Republican (Right-aligned),AL-Civil,Aligned,Civil,1,1,Political,26,Female,White/Caucasian,Unemployed - looking for work,"High school graduate, diploma or the equivalent (for example: GED)",T5,Laptop/Epstein; Spongebob
iP7e3963dda1fc337a,Order4,Republican (Right-aligned),AL-Uncivil,Aligned,Uncivil,1,4,Political,26,Female,White/Caucasian,Unemployed - looking for work,"High school graduate, diploma or the equivalent (for example: GED)",T3,Gov. shutdown; Farquaad
iP7e3963dda1fc337a,Order4,Republican (Right-aligned),OP-Borderline,Opposed,Borderline,1,2,Political,26,Female,White/Caucasian,Unemployed - looking for work,"High school graduate, diploma or the equivalent (for example: GED)",T6,Green energy; Spongebob
iP7e3963dda1fc337a,Order4,Republican (Right-aligned),OP-Civil,Opposed,Civil,1,1,Political,26,Female,White/Caucasian,Unemployed - looking for work,"High school graduate, diploma or the equivalent (for example: GED)",T4,Economy; Simpsons
iP7e3963dda1fc337a,Order4,Republican (Right-aligned),OP-Uncivil,Opposed,Uncivil,1,3,Political,26,Female,White/Caucasian,Unemployed - looking for work,"High school graduate, diploma or the equivalent (for example: GED)",T2,Election sec.; Simpsons
iP7efc4645726ed764,Order4,Democrat (Left-aligned),AL-Borderline,Aligned,Borderline,1,2,Political,58,Male,White/Caucasian,Unemployed - looking for work,Trade/technical/vocational training,T6,Green energy; Spongebob
iP7efc4645726ed764,Order4,Democrat (Left-aligned),AL-Civil,Aligned,Civil,0,0,Political,58,Male,White/Caucasian,Unemployed - looking for work,Trade/technical/vocational training,T4,Economy; Simpsons
iP7efc4645726ed764,Order4,Democrat (Left-aligned),AL-Uncivil,Aligned,Uncivil,1,2,Political,58,Male,White/Caucasian,Unemployed - looking for work,Trade/technical/vocational training,T2,Election sec.; Simpsons
iP7efc4645726ed764,Order4,Democrat (Left-aligned),OP-Borderline,Opposed,Borderline,1,2,Political,58,Male,White/Caucasian,Unemployed - looking for work,Trade/technical/vocational training,T1,Mamdani; Pooh
iP7efc4645726ed764,Order4,Democrat (Left-aligned),OP-Civil,Opposed,Civil,1,2,Political,58,Male,White/Caucasian,Unemployed - looking for work,Trade/technical/vocational training,T5,Laptop/Epstein; Spongebob
iP7efc4645726ed764,Order4,Democrat (Left-aligned),OP-Uncivil,Opposed,Uncivil,1,3,Political,58,Male,White/Caucasian,Unemployed - looking for work,Trade/technical/vocational training,T3,Gov. shutdown; Farquaad
iP818fba73cfed587e,Order3,Democrat (Left-aligned),AL-Borderline,Aligned,Borderline,1,2,Political,50,Male,Black/African American,Work full time,Associate degree,T5,Laptop/Epstein; Spongebob
iP818fba73cfed587e,Order3,Democrat (Left-aligned),AL-Civil,Aligned,Civil,0,0,Political,50,Male,Black/African American,Work full time,Associate degree,T3,Gov. shutdown; Farquaad
iP818fba73cfed587e,Order3,Democrat (Left-aligned),AL-Uncivil,Aligned,Uncivil,1,2,Political,50,Male,Black/African American,Work full time,Associate degree,T1,Mamdani; Pooh
iP818fba73cfed587e,Order3,Democrat (Left-aligned),OP-Borderline,Opposed,Borderline,0,0,Political,50,Male,Black/African American,Work full time,Associate degree,T6,Green energy; Spongebob
iP818fba73cfed587e,Order3,Democrat (Left-aligned),OP-Civil,Opposed,Civil,0,0,Political,50,Male,Black/African American,Work full time,Associate degree,T4,Economy; Simpsons
iP818fba73cfed587e,Order3,Democrat (Left-aligned),OP-Uncivil,Opposed,Uncivil,1,2,Political,50,Male,Black/African American,Work full time,Associate degree,T2,Election sec.; Simpsons
iP819e6f6072197192,Order6,Democrat (Left-aligned),AL-Borderline,Aligned,Borderline,1,2,Political,31,Female,Black/African American,Student,Associate degree,T2,Election sec.; Simpsons
iP819e6f6072197192,Order6,Democrat (Left-aligned),AL-Civil,Aligned,Civil,1,1,Political,31,Female,Black/African American,Student,Associate degree,T6,Green energy; Spongebob
iP819e6f6072197192,Order6,Democrat (Left-aligned),AL-Uncivil,Aligned,Uncivil,1,1,Political,31,Female,Black/African American,Student,Associate degree,T4,Economy; Simpsons
iP819e6f6072197192,Order6,Democrat (Left-aligned),OP-Borderline,Opposed,Borderline,1,1,Political,31,Female,Black/African American,Student,Associate degree,T3,Gov. shutdown; Farquaad
iP819e6f6072197192,Order6,Democrat (Left-aligned),OP-Civil,Opposed,Civil,1,2,Political,31,Female,Black/African American,Student,Associate degree,T1,Mamdani; Pooh
iP819e6f6072197192,Order6,Democrat (Left-aligned),OP-Uncivil,Opposed,Uncivil,1,1,Political,31,Female,Black/African American,Student,Associate degree,T5,Laptop/Epstein; Spongebob
iP81d329fd9fbabfe3,Order6,Democrat (Left-aligned),AL-Borderline,Aligned,Borderline,1,1,Political,59,Male,White/Caucasian,Work full time,Bachelor's degree,T2,Election sec.; Simpsons
iP81d329fd9fbabfe3,Order6,Democrat (Left-aligned),AL-Civil,Aligned,Civil,0,0,Political,59,Male,White/Caucasian,Work full time,Bachelor's degree,T6,Green energy; Spongebob
iP81d329fd9fbabfe3,Order6,Democrat (Left-aligned),AL-Uncivil,Aligned,Uncivil,1,1,Political,59,Male,White/Caucasian,Work full time,Bachelor's degree,T4,Economy; Simpsons
iP81d329fd9fbabfe3,Order6,Democrat (Left-aligned),OP-Borderline,Opposed,Borderline,1,1,Political,59,Male,White/Caucasian,Work full time,Bachelor's degree,T3,Gov. shutdown; Farquaad
iP81d329fd9fbabfe3,Order6,Democrat (Left-aligned),OP-Civil,Opposed,Civil,1,1,Political,59,Male,White/Caucasian,Work full time,Bachelor's degree,T1,Mamdani; Pooh
iP81d329fd9fbabfe3,Order6,Democrat (Left-aligned),OP-Uncivil,Opposed,Uncivil,1,1,Political,59,Male,White/Caucasian,Work full time,Bachelor's degree,T5,Laptop/Epstein; Spongebob
iP823d39891349268e,Order1,Democrat (Left-aligned),AL-Borderline,Aligned,Borderline,1,1,Political,35,Male,American Indian or Alaskan native,Work full time,Bachelor's degree,T3,Gov. shutdown; Farquaad
iP823d39891349268e,Order1,Democrat (Left-aligned),AL-Civil,Aligned,Civil,1,2,Political,35,Male,American Indian or Alaskan native,Work full time,Bachelor's degree,T1,Mamdani; Pooh
iP823d39891349268e,Order1,Democrat (Left-aligned),AL-Uncivil,Aligned,Uncivil,1,3,Political,35,Male,American Indian or Alaskan native,Work full time,Bachelor's degree,T5,Laptop/Epstein; Spongebob
iP823d39891349268e,Order1,Democrat (Left-aligned),OP-Borderline,Opposed,Borderline,0,0,Political,35,Male,American Indian or Alaskan native,Work full time,Bachelor's degree,T4,Economy; Simpsons
iP823d39891349268e,Order1,Democrat (Left-aligned),OP-Civil,Opposed,Civil,0,0,Political,35,Male,American Indian or Alaskan native,Work full time,Bachelor's degree,T2,Election sec.; Simpsons
iP823d39891349268e,Order1,Democrat (Left-aligned),OP-Uncivil,Opposed,Uncivil,1,3,Political,35,Male,American Indian or Alaskan native,Work full time,Bachelor's degree,T6,Green energy; Spongebob
iP827bc4b604e7d659,Order4,Democrat (Left-aligned),AL-Borderline,Aligned,Borderline,0,0,Political,40,Female,White/Caucasian,Work full time,Bachelor's degree,T6,Green energy; Spongebob
iP827bc4b604e7d659,Order4,Democrat (Left-aligned),AL-Civil,Aligned,Civil,0,0,Political,40,Female,White/Caucasian,Work full time,Bachelor's degree,T4,Economy; Simpsons
iP827bc4b604e7d659,Order4,Democrat (Left-aligned),AL-Uncivil,Aligned,Uncivil,1,2,Political,40,Female,White/Caucasian,Work full time,Bachelor's degree,T2,Election sec.; Simpsons
iP827bc4b604e7d659,Order4,Democrat (Left-aligned),OP-Borderline,Opposed,Borderline,0,0,Political,40,Female,White/Caucasian,Work full time,Bachelor's degree,T1,Mamdani; Pooh
iP827bc4b604e7d659,Order4,Democrat (Left-aligned),OP-Civil,Opposed,Civil,0,0,Political,40,Female,White/Caucasian,Work full time,Bachelor's degree,T5,Laptop/Epstein; Spongebob
iP827bc4b604e7d659,Order4,Democrat (Left-aligned),OP-Uncivil,Opposed,Uncivil,1,2,Political,40,Female,White/Caucasian,Work full time,Bachelor's degree,T3,Gov. shutdown; Farquaad
iP830458d901d1e107,Order3,Democrat (Left-aligned),AL-Borderline,Aligned,Borderline,1,2,Political,51,Female,White/Caucasian,Homemaker,Bachelor's degree,T5,Laptop/Epstein; Spongebob
iP830458d901d1e107,Order3,Democrat (Left-aligned),AL-Civil,Aligned,Civil,1,2,Political,51,Female,White/Caucasian,Homemaker,Bachelor's degree,T3,Gov. shutdown; Farquaad
iP830458d901d1e107,Order3,Democrat (Left-aligned),AL-Uncivil,Aligned,Uncivil,1,3,Political,51,Female,White/Caucasian,Homemaker,Bachelor's degree,T1,Mamdani; Pooh
iP830458d901d1e107,Order3,Democrat (Left-aligned),OP-Borderline,Opposed,Borderline,1,1,Political,51,Female,White/Caucasian,Homemaker,Bachelor's degree,T6,Green energy; Spongebob
iP830458d901d1e107,Order3,Democrat (Left-aligned),OP-Civil,Opposed,Civil,1,1,Political,51,Female,White/Caucasian,Homemaker,Bachelor's degree,T4,Economy; Simpsons
iP830458d901d1e107,Order3,Democrat (Left-aligned),OP-Uncivil,Opposed,Uncivil,1,3,Political,51,Female,White/Caucasian,Homemaker,Bachelor's degree,T2,Election sec.; Simpsons
iP837d35f5e647e190,Order2,Democrat (Left-aligned),AL-Borderline,Aligned,Borderline,0,0,Political,28,Female,Asian,Work full time,Master's degree,T4,Economy; Simpsons
iP837d35f5e647e190,Order2,Democrat (Left-aligned),AL-Civil,Aligned,Civil,0,0,Political,28,Female,Asian,Work full time,Master's degree,T2,Election sec.; Simpsons
iP837d35f5e647e190,Order2,Democrat (Left-aligned),AL-Uncivil,Aligned,Uncivil,1,1,Political,28,Female,Asian,Work full time,Master's degree,T6,Green energy; Spongebob
iP837d35f5e647e190,Order2,Democrat (Left-aligned),OP-Borderline,Opposed,Borderline,0,0,Political,28,Female,Asian,Work full time,Master's degree,T5,Laptop/Epstein; Spongebob
iP837d35f5e647e190,Order2,Democrat (Left-aligned),OP-Civil,Opposed,Civil,0,0,Political,28,Female,Asian,Work full time,Master's degree,T3,Gov. shutdown; Farquaad
iP837d35f5e647e190,Order2,Democrat (Left-aligned),OP-Uncivil,Opposed,Uncivil,1,3,Political,28,Female,Asian,Work full time,Master's degree,T1,Mamdani; Pooh
iP85000d5879f128db,Order3,Republican (Right-aligned),AL-Borderline,Aligned,Borderline,1,1,Political,58,Male,White/Caucasian,Work full time,Associate degree,T6,Green energy; Spongebob
iP85000d5879f128db,Order3,Republican (Right-aligned),AL-Civil,Aligned,Civil,0,0,Political,58,Male,White/Caucasian,Work full time,Associate degree,T4,Economy; Simpsons
iP85000d5879f128db,Order3,Republican (Right-aligned),AL-Uncivil,Aligned,Uncivil,1,2,Political,58,Male,White/Caucasian,Work full time,Associate degree,T2,Election sec.; Simpsons
iP85000d5879f128db,Order3,Republican (Right-aligned),OP-Borderline,Opposed,Borderline,1,1,Political,58,Male,White/Caucasian,Work full time,Associate degree,T5,Laptop/Epstein; Spongebob
iP85000d5879f128db,Order3,Republican (Right-aligned),OP-Civil,Opposed,Civil,1,3,Political,58,Male,White/Caucasian,Work full time,Associate degree,T3,Gov. shutdown; Farquaad
iP85000d5879f128db,Order3,Republican (Right-aligned),OP-Uncivil,Opposed,Uncivil,1,2,Political,58,Male,White/Caucasian,Work full time,Associate degree,T1,Mamdani; Pooh
iP874d6501770c6d75,Order4,Republican (Right-aligned),AL-Borderline,Aligned,Borderline,1,1,Political,42,Female,White/Caucasian,Work full time,Bachelor's degree,T1,Mamdani; Pooh
iP874d6501770c6d75,Order4,Republican (Right-aligned),AL-Civil,Aligned,Civil,1,1,Political,42,Female,White/Caucasian,Work full time,Bachelor's degree,T5,Laptop/Epstein; Spongebob
iP874d6501770c6d75,Order4,Republican (Right-aligned),AL-Uncivil,Aligned,Uncivil,1,2,Political,42,Female,White/Caucasian,Work full time,Bachelor's degree,T3,Gov. shutdown; Farquaad
iP874d6501770c6d75,Order4,Republican (Right-aligned),OP-Borderline,Opposed,Borderline,1,1,Political,42,Female,White/Caucasian,Work full time,Bachelor's degree,T6,Green energy; Spongebob
iP874d6501770c6d75,Order4,Republican (Right-aligned),OP-Civil,Opposed,Civil,1,1,Political,42,Female,White/Caucasian,Work full time,Bachelor's degree,T4,Economy; Simpsons
iP874d6501770c6d75,Order4,Republican (Right-aligned),OP-Uncivil,Opposed,Uncivil,0,0,Political,42,Female,White/Caucasian,Work full time,Bachelor's degree,T2,Election sec.; Simpsons
iP87b6fe624ddd106f,Order4,Republican (Right-aligned),AL-Borderline,Aligned,Borderline,1,2,Political,33,Male,White/Caucasian,Work full time,Bachelor's degree,T1,Mamdani; Pooh
iP87b6fe624ddd106f,Order4,Republican (Right-aligned),AL-Civil,Aligned,Civil,0,0,Political,33,Male,White/Caucasian,Work full time,Bachelor's degree,T5,Laptop/Epstein; Spongebob
iP87b6fe624ddd106f,Order4,Republican (Right-aligned),AL-Uncivil,Aligned,Uncivil,1,3,Political,33,Male,White/Caucasian,Work full time,Bachelor's degree,T3,Gov. shutdown; Farquaad
iP87b6fe624ddd106f,Order4,Republican (Right-aligned),OP-Borderline,Opposed,Borderline,1,1,Political,33,Male,White/Caucasian,Work full time,Bachelor's degree,T6,Green energy; Spongebob
iP87b6fe624ddd106f,Order4,Republican (Right-aligned),OP-Civil,Opposed,Civil,0,0,Political,33,Male,White/Caucasian,Work full time,Bachelor's degree,T4,Economy; Simpsons
iP87b6fe624ddd106f,Order4,Republican (Right-aligned),OP-Uncivil,Opposed,Uncivil,1,2,Political,33,Male,White/Caucasian,Work full time,Bachelor's degree,T2,Election sec.; Simpsons
iP8949740d931af18d,Order4,Republican (Right-aligned),AL-Borderline,Aligned,Borderline,1,4,Political,69,Female,White/Caucasian,Retired,"Some college credit, no degree",T1,Mamdani; Pooh
iP8949740d931af18d,Order4,Republican (Right-aligned),AL-Civil,Aligned,Civil,1,1,Political,69,Female,White/Caucasian,Retired,"Some college credit, no degree",T5,Laptop/Epstein; Spongebob
iP8949740d931af18d,Order4,Republican (Right-aligned),AL-Uncivil,Aligned,Uncivil,1,4,Political,69,Female,White/Caucasian,Retired,"Some college credit, no degree",T3,Gov. shutdown; Farquaad
iP8949740d931af18d,Order4,Republican (Right-aligned),OP-Borderline,Opposed,Borderline,1,3,Political,69,Female,White/Caucasian,Retired,"Some college credit, no degree",T6,Green energy; Spongebob
iP8949740d931af18d,Order4,Republican (Right-aligned),OP-Civil,Opposed,Civil,0,0,Political,69,Female,White/Caucasian,Retired,"Some college credit, no degree",T4,Economy; Simpsons
iP8949740d931af18d,Order4,Republican (Right-aligned),OP-Uncivil,Opposed,Uncivil,1,4,Political,69,Female,White/Caucasian,Retired,"Some college credit, no degree",T2,Election sec.; Simpsons
iP89b01064a9072844,Order4,Democrat (Left-aligned),AL-Borderline,Aligned,Borderline,1,2,Political,50,Female,White/Caucasian,Work part time,Bachelor's degree,T6,Green energy; Spongebob
iP89b01064a9072844,Order4,Democrat (Left-aligned),AL-Civil,Aligned,Civil,1,1,Political,50,Female,White/Caucasian,Work part time,Bachelor's degree,T4,Economy; Simpsons
iP89b01064a9072844,Order4,Democrat (Left-aligned),AL-Uncivil,Aligned,Uncivil,1,3,Political,50,Female,White/Caucasian,Work part time,Bachelor's degree,T2,Election sec.; Simpsons
iP89b01064a9072844,Order4,Democrat (Left-aligned),OP-Borderline,Opposed,Borderline,1,1,Political,50,Female,White/Caucasian,Work part time,Bachelor's degree,T1,Mamdani; Pooh
iP89b01064a9072844,Order4,Democrat (Left-aligned),OP-Civil,Opposed,Civil,1,2,Political,50,Female,White/Caucasian,Work part time,Bachelor's degree,T5,Laptop/Epstein; Spongebob
iP89b01064a9072844,Order4,Democrat (Left-aligned),OP-Uncivil,Opposed,Uncivil,1,3,Political,50,Female,White/Caucasian,Work part time,Bachelor's degree,T3,Gov. shutdown; Farquaad
iP8a68c358263a45c7,Order6,Republican (Right-aligned),AL-Borderline,Aligned,Borderline,1,2,Political,68,Female,White/Caucasian,Work full time,Bachelor's degree,T3,Gov. shutdown; Farquaad
iP8a68c358263a45c7,Order6,Republican (Right-aligned),AL-Civil,Aligned,Civil,1,2,Political,68,Female,White/Caucasian,Work full time,Bachelor's degree,T1,Mamdani; Pooh
iP8a68c358263a45c7,Order6,Republican (Right-aligned),AL-Uncivil,Aligned,Uncivil,1,3,Political,68,Female,White/Caucasian,Work full time,Bachelor's degree,T5,Laptop/Epstein; Spongebob
iP8a68c358263a45c7,Order6,Republican (Right-aligned),OP-Borderline,Opposed,Borderline,1,3,Political,68,Female,White/Caucasian,Work full time,Bachelor's degree,T2,Election sec.; Simpsons
iP8a68c358263a45c7,Order6,Republican (Right-aligned),OP-Civil,Opposed,Civil,0,0,Political,68,Female,White/Caucasian,Work full time,Bachelor's degree,T6,Green energy; Spongebob
iP8a68c358263a45c7,Order6,Republican (Right-aligned),OP-Uncivil,Opposed,Uncivil,1,3,Political,68,Female,White/Caucasian,Work full time,Bachelor's degree,T4,Economy; Simpsons
iP8b11fc6c24c35376,Order4,Republican (Right-aligned),AL-Borderline,Aligned,Borderline,0,0,Political,53,Male,White/Caucasian,Work full time,Bachelor's degree,T1,Mamdani; Pooh
iP8b11fc6c24c35376,Order4,Republican (Right-aligned),AL-Civil,Aligned,Civil,0,0,Political,53,Male,White/Caucasian,Work full time,Bachelor's degree,T5,Laptop/Epstein; Spongebob
iP8b11fc6c24c35376,Order4,Republican (Right-aligned),AL-Uncivil,Aligned,Uncivil,0,0,Political,53,Male,White/Caucasian,Work full time,Bachelor's degree,T3,Gov. shutdown; Farquaad
iP8b11fc6c24c35376,Order4,Republican (Right-aligned),OP-Borderline,Opposed,Borderline,0,0,Political,53,Male,White/Caucasian,Work full time,Bachelor's degree,T6,Green energy; Spongebob
iP8b11fc6c24c35376,Order4,Republican (Right-aligned),OP-Civil,Opposed,Civil,0,0,Political,53,Male,White/Caucasian,Work full time,Bachelor's degree,T4,Economy; Simpsons
iP8b11fc6c24c35376,Order4,Republican (Right-aligned),OP-Uncivil,Opposed,Uncivil,1,3,Political,53,Male,White/Caucasian,Work full time,Bachelor's degree,T2,Election sec.; Simpsons
iP8b9f144402afe0f9,Order1,Republican (Right-aligned),AL-Borderline,Aligned,Borderline,0,0,Political,37,Male,White/Caucasian,Work full time,"High school graduate, diploma or the equivalent (for example: GED)",T4,Economy; Simpsons
iP8b9f144402afe0f9,Order1,Republican (Right-aligned),AL-Civil,Aligned,Civil,0,0,Political,37,Male,White/Caucasian,Work full time,"High school graduate, diploma or the equivalent (for example: GED)",T2,Election sec.; Simpsons
iP8b9f144402afe0f9,Order1,Republican (Right-aligned),AL-Uncivil,Aligned,Uncivil,0,0,Political,37,Male,White/Caucasian,Work full time,"High school graduate, diploma or the equivalent (for example: GED)",T6,Green energy; Spongebob
iP8b9f144402afe0f9,Order1,Republican (Right-aligned),OP-Borderline,Opposed,Borderline,0,0,Political,37,Male,White/Caucasian,Work full time,"High school graduate, diploma or the equivalent (for example: GED)",T3,Gov. shutdown; Farquaad
iP8b9f144402afe0f9,Order1,Republican (Right-aligned),OP-Civil,Opposed,Civil,0,0,Political,37,Male,White/Caucasian,Work full time,"High school graduate, diploma or the equivalent (for example: GED)",T1,Mamdani; Pooh
iP8b9f144402afe0f9,Order1,Republican (Right-aligned),OP-Uncivil,Opposed,Uncivil,0,0,Political,37,Male,White/Caucasian,Work full time,"High school graduate, diploma or the equivalent (for example: GED)",T5,Laptop/Epstein; Spongebob
iP8c0f226dd0fedb76,Order4,Republican (Right-aligned),AL-Borderline,Aligned,Borderline,1,2,Political,37,Female,White/Caucasian,Other,Bachelor's degree,T1,Mamdani; Pooh
iP8c0f226dd0fedb76,Order4,Republican (Right-aligned),AL-Civil,Aligned,Civil,0,0,Political,37,Female,White/Caucasian,Other,Bachelor's degree,T5,Laptop/Epstein; Spongebob
iP8c0f226dd0fedb76,Order4,Republican (Right-aligned),AL-Uncivil,Aligned,Uncivil,1,2,Political,37,Female,White/Caucasian,Other,Bachelor's degree,T3,Gov. shutdown; Farquaad
iP8c0f226dd0fedb76,Order4,Republican (Right-aligned),OP-Borderline,Opposed,Borderline,1,2,Political,37,Female,White/Caucasian,Other,Bachelor's degree,T6,Green energy; Spongebob
iP8c0f226dd0fedb76,Order4,Republican (Right-aligned),OP-Civil,Opposed,Civil,0,0,Political,37,Female,White/Caucasian,Other,Bachelor's degree,T4,Economy; Simpsons
iP8c0f226dd0fedb76,Order4,Republican (Right-aligned),OP-Uncivil,Opposed,Uncivil,1,2,Political,37,Female,White/Caucasian,Other,Bachelor's degree,T2,Election sec.; Simpsons
iP8edc06bee7882154,Order6,Democrat (Left-aligned),AL-Borderline,Aligned,Borderline,1,2,Political,44,Female,White/Caucasian,Work full time,"Some college credit, no degree",T2,Election sec.; Simpsons
iP8edc06bee7882154,Order6,Democrat (Left-aligned),AL-Civil,Aligned,Civil,1,2,Political,44,Female,White/Caucasian,Work full time,"Some college credit, no degree",T6,Green energy; Spongebob
iP8edc06bee7882154,Order6,Democrat (Left-aligned),AL-Uncivil,Aligned,Uncivil,1,4,Political,44,Female,White/Caucasian,Work full time,"Some college credit, no degree",T4,Economy; Simpsons
iP8edc06bee7882154,Order6,Democrat (Left-aligned),OP-Borderline,Opposed,Borderline,1,2,Political,44,Female,White/Caucasian,Work full time,"Some college credit, no degree",T3,Gov. shutdown; Farquaad
iP8edc06bee7882154,Order6,Democrat (Left-aligned),OP-Civil,Opposed,Civil,1,3,Political,44,Female,White/Caucasian,Work full time,"Some college credit, no degree",T1,Mamdani; Pooh
iP8edc06bee7882154,Order6,Democrat (Left-aligned),OP-Uncivil,Opposed,Uncivil,1,1,Political,44,Female,White/Caucasian,Work full time,"Some college credit, no degree",T5,Laptop/Epstein; Spongebob
iP8f0a26c5803683f3,Order2,Democrat (Left-aligned),AL-Borderline,Aligned,Borderline,0,0,Political,29,Female,White/Caucasian,Unemployed - not looking for work,"Some college credit, no degree",T4,Economy; Simpsons
iP8f0a26c5803683f3,Order2,Democrat (Left-aligned),AL-Civil,Aligned,Civil,1,1,Political,29,Female,White/Caucasian,Unemployed - not looking for work,"Some college credit, no degree",T2,Election sec.; Simpsons
iP8f0a26c5803683f3,Order2,Democrat (Left-aligned),AL-Uncivil,Aligned,Uncivil,1,2,Political,29,Female,White/Caucasian,Unemployed - not looking for work,"Some college credit, no degree",T6,Green energy; Spongebob
iP8f0a26c5803683f3,Order2,Democrat (Left-aligned),OP-Borderline,Opposed,Borderline,0,0,Political,29,Female,White/Caucasian,Unemployed - not looking for work,"Some college credit, no degree",T5,Laptop/Epstein; Spongebob
iP8f0a26c5803683f3,Order2,Democrat (Left-aligned),OP-Civil,Opposed,Civil,0,0,Political,29,Female,White/Caucasian,Unemployed - not looking for work,"Some college credit, no degree",T3,Gov. shutdown; Farquaad
iP8f0a26c5803683f3,Order2,Democrat (Left-aligned),OP-Uncivil,Opposed,Uncivil,1,2,Political,29,Female,White/Caucasian,Unemployed - not looking for work,"Some college credit, no degree",T1,Mamdani; Pooh
iP8f6f0a124b75e103,Order1,Republican (Right-aligned),AL-Borderline,Aligned,Borderline,0,0,Political,62,Male,White/Caucasian,Other,"Some college credit, no degree",T4,Economy; Simpsons
iP8f6f0a124b75e103,Order1,Republican (Right-aligned),AL-Civil,Aligned,Civil,1,1,Political,62,Male,White/Caucasian,Other,"Some college credit, no degree",T2,Election sec.; Simpsons
iP8f6f0a124b75e103,Order1,Republican (Right-aligned),AL-Uncivil,Aligned,Uncivil,1,1,Political,62,Male,White/Caucasian,Other,"Some college credit, no degree",T6,Green energy; Spongebob
iP8f6f0a124b75e103,Order1,Republican (Right-aligned),OP-Borderline,Opposed,Borderline,1,1,Political,62,Male,White/Caucasian,Other,"Some college credit, no degree",T3,Gov. shutdown; Farquaad
iP8f6f0a124b75e103,Order1,Republican (Right-aligned),OP-Civil,Opposed,Civil,1,1,Political,62,Male,White/Caucasian,Other,"Some college credit, no degree",T1,Mamdani; Pooh
iP8f6f0a124b75e103,Order1,Republican (Right-aligned),OP-Uncivil,Opposed,Uncivil,1,2,Political,62,Male,White/Caucasian,Other,"Some college credit, no degree",T5,Laptop/Epstein; Spongebob
iP8ff29b39a13d9e65,Order6,Republican (Right-aligned),AL-Borderline,Aligned,Borderline,1,2,Political,78,Female,White/Caucasian,Retired,"Some college credit, no degree",T3,Gov. shutdown; Farquaad
iP8ff29b39a13d9e65,Order6,Republican (Right-aligned),AL-Civil,Aligned,Civil,0,0,Political,78,Female,White/Caucasian,Retired,"Some college credit, no degree",T1,Mamdani; Pooh
iP8ff29b39a13d9e65,Order6,Republican (Right-aligned),AL-Uncivil,Aligned,Uncivil,1,2,Political,78,Female,White/Caucasian,Retired,"Some college credit, no degree",T5,Laptop/Epstein; Spongebob
iP8ff29b39a13d9e65,Order6,Republican (Right-aligned),OP-Borderline,Opposed,Borderline,0,0,Political,78,Female,White/Caucasian,Retired,"Some college credit, no degree",T2,Election sec.; Simpsons
iP8ff29b39a13d9e65,Order6,Republican (Right-aligned),OP-Civil,Opposed,Civil,0,0,Political,78,Female,White/Caucasian,Retired,"Some college credit, no degree",T6,Green energy; Spongebob
iP8ff29b39a13d9e65,Order6,Republican (Right-aligned),OP-Uncivil,Opposed,Uncivil,1,3,Political,78,Female,White/Caucasian,Retired,"Some college credit, no degree",T4,Economy; Simpsons
iP913145966ec69508,Order4,Democrat (Left-aligned),AL-Borderline,Aligned,Borderline,0,0,Political,50,Male,Asian,Work full time,Bachelor's degree,T6,Green energy; Spongebob
iP913145966ec69508,Order4,Democrat (Left-aligned),AL-Civil,Aligned,Civil,0,0,Political,50,Male,Asian,Work full time,Bachelor's degree,T4,Economy; Simpsons
iP913145966ec69508,Order4,Democrat (Left-aligned),AL-Uncivil,Aligned,Uncivil,1,3,Political,50,Male,Asian,Work full time,Bachelor's degree,T2,Election sec.; Simpsons
iP913145966ec69508,Order4,Democrat (Left-aligned),OP-Borderline,Opposed,Borderline,0,0,Political,50,Male,Asian,Work full time,Bachelor's degree,T1,Mamdani; Pooh
iP913145966ec69508,Order4,Democrat (Left-aligned),OP-Civil,Opposed,Civil,0,0,Political,50,Male,Asian,Work full time,Bachelor's degree,T5,Laptop/Epstein; Spongebob
iP913145966ec69508,Order4,Democrat (Left-aligned),OP-Uncivil,Opposed,Uncivil,0,0,Political,50,Male,Asian,Work full time,Bachelor's degree,T3,Gov. shutdown; Farquaad
iP913b12e6f3e5d4e4,Order2,Republican (Right-aligned),AL-Borderline,Aligned,Borderline,1,1,Political,65,Male,White/Caucasian,Work full time,Bachelor's degree,T5,Laptop/Epstein; Spongebob
iP913b12e6f3e5d4e4,Order2,Republican (Right-aligned),AL-Civil,Aligned,Civil,1,2,Political,65,Male,White/Caucasian,Work full time,Bachelor's degree,T3,Gov. shutdown; Farquaad
iP913b12e6f3e5d4e4,Order2,Republican (Right-aligned),AL-Uncivil,Aligned,Uncivil,1,3,Political,65,Male,White/Caucasian,Work full time,Bachelor's degree,T1,Mamdani; Pooh
iP913b12e6f3e5d4e4,Order2,Republican (Right-aligned),OP-Borderline,Opposed,Borderline,1,3,Political,65,Male,White/Caucasian,Work full time,Bachelor's degree,T4,Economy; Simpsons
iP913b12e6f3e5d4e4,Order2,Republican (Right-aligned),OP-Civil,Opposed,Civil,1,3,Political,65,Male,White/Caucasian,Work full time,Bachelor's degree,T2,Election sec.; Simpsons
iP913b12e6f3e5d4e4,Order2,Republican (Right-aligned),OP-Uncivil,Opposed,Uncivil,1,1,Political,65,Male,White/Caucasian,Work full time,Bachelor's degree,T6,Green energy; Spongebob
iP9298612dee483eb6,Order2,Democrat (Left-aligned),AL-Borderline,Aligned,Borderline,0,0,Political,53,Male,Other race or ethnicity,Work full time,"Some college credit, no degree",T4,Economy; Simpsons
iP9298612dee483eb6,Order2,Democrat (Left-aligned),AL-Civil,Aligned,Civil,0,0,Political,53,Male,Other race or ethnicity,Work full time,"Some college credit, no degree",T2,Election sec.; Simpsons
iP9298612dee483eb6,Order2,Democrat (Left-aligned),AL-Uncivil,Aligned,Uncivil,0,0,Political,53,Male,Other race or ethnicity,Work full time,"Some college credit, no degree",T6,Green energy; Spongebob
iP9298612dee483eb6,Order2,Democrat (Left-aligned),OP-Borderline,Opposed,Borderline,0,0,Political,53,Male,Other race or ethnicity,Work full time,"Some college credit, no degree",T5,Laptop/Epstein; Spongebob
iP9298612dee483eb6,Order2,Democrat (Left-aligned),OP-Civil,Opposed,Civil,1,3,Political,53,Male,Other race or ethnicity,Work full time,"Some college credit, no degree",T3,Gov. shutdown; Farquaad
iP9298612dee483eb6,Order2,Democrat (Left-aligned),OP-Uncivil,Opposed,Uncivil,1,4,Political,53,Male,Other race or ethnicity,Work full time,"Some college credit, no degree",T1,Mamdani; Pooh
iP9312c8a5f3bbae89,Order1,Democrat (Left-aligned),AL-Borderline,Aligned,Borderline,0,0,Political,49,Female,White/Caucasian,Other,"Some college credit, no degree",T3,Gov. shutdown; Farquaad
iP9312c8a5f3bbae89,Order1,Democrat (Left-aligned),AL-Civil,Aligned,Civil,0,0,Political,49,Female,White/Caucasian,Other,"Some college credit, no degree",T1,Mamdani; Pooh
iP9312c8a5f3bbae89,Order1,Democrat (Left-aligned),AL-Uncivil,Aligned,Uncivil,1,4,Political,49,Female,White/Caucasian,Other,"Some college credit, no degree",T5,Laptop/Epstein; Spongebob
iP9312c8a5f3bbae89,Order1,Democrat (Left-aligned),OP-Borderline,Opposed,Borderline,1,3,Political,49,Female,White/Caucasian,Other,"Some college credit, no degree",T4,Economy; Simpsons
iP9312c8a5f3bbae89,Order1,Democrat (Left-aligned),OP-Civil,Opposed,Civil,0,0,Political,49,Female,White/Caucasian,Other,"Some college credit, no degree",T2,Election sec.; Simpsons
iP9312c8a5f3bbae89,Order1,Democrat (Left-aligned),OP-Uncivil,Opposed,Uncivil,1,3,Political,49,Female,White/Caucasian,Other,"Some college credit, no degree",T6,Green energy; Spongebob
iP9356eed04e4e3f68,Order3,Democrat (Left-aligned),AL-Borderline,Aligned,Borderline,0,0,Political,37,Female,White/Caucasian,Homemaker,Associate degree,T5,Laptop/Epstein; Spongebob
iP9356eed04e4e3f68,Order3,Democrat (Left-aligned),AL-Civil,Aligned,Civil,1,3,Political,37,Female,White/Caucasian,Homemaker,Associate degree,T3,Gov. shutdown; Farquaad
iP9356eed04e4e3f68,Order3,Democrat (Left-aligned),AL-Uncivil,Aligned,Uncivil,1,1,Political,37,Female,White/Caucasian,Homemaker,Associate degree,T1,Mamdani; Pooh
iP9356eed04e4e3f68,Order3,Democrat (Left-aligned),OP-Borderline,Opposed,Borderline,1,2,Political,37,Female,White/Caucasian,Homemaker,Associate degree,T6,Green energy; Spongebob
iP9356eed04e4e3f68,Order3,Democrat (Left-aligned),OP-Civil,Opposed,Civil,0,0,Political,37,Female,White/Caucasian,Homemaker,Associate degree,T4,Economy; Simpsons
iP9356eed04e4e3f68,Order3,Democrat (Left-aligned),OP-Uncivil,Opposed,Uncivil,1,1,Political,37,Female,White/Caucasian,Homemaker,Associate degree,T2,Election sec.; Simpsons
iP94434fa143ade943,Order4,Republican (Right-aligned),AL-Borderline,Aligned,Borderline,1,2,Political,46,Female,White/Caucasian,Work full time,"Some college credit, no degree",T1,Mamdani; Pooh
iP94434fa143ade943,Order4,Republican (Right-aligned),AL-Civil,Aligned,Civil,1,2,Political,46,Female,White/Caucasian,Work full time,"Some college credit, no degree",T5,Laptop/Epstein; Spongebob
iP94434fa143ade943,Order4,Republican (Right-aligned),AL-Uncivil,Aligned,Uncivil,1,2,Political,46,Female,White/Caucasian,Work full time,"Some college credit, no degree",T3,Gov. shutdown; Farquaad
iP94434fa143ade943,Order4,Republican (Right-aligned),OP-Borderline,Opposed,Borderline,1,1,Political,46,Female,White/Caucasian,Work full time,"Some college credit, no degree",T6,Green energy; Spongebob
iP94434fa143ade943,Order4,Republican (Right-aligned),OP-Civil,Opposed,Civil,0,0,Political,46,Female,White/Caucasian,Work full time,"Some college credit, no degree",T4,Economy; Simpsons
iP94434fa143ade943,Order4,Republican (Right-aligned),OP-Uncivil,Opposed,Uncivil,1,2,Political,46,Female,White/Caucasian,Work full time,"Some college credit, no degree",T2,Election sec.; Simpsons
iP94952f215440422c,Order1,Democrat (Left-aligned),AL-Borderline,Aligned,Borderline,1,2,Political,71,Female,White/Caucasian,Retired,"Some college credit, no degree",T3,Gov. shutdown; Farquaad
iP94952f215440422c,Order1,Democrat (Left-aligned),AL-Civil,Aligned,Civil,1,2,Political,71,Female,White/Caucasian,Retired,"Some college credit, no degree",T1,Mamdani; Pooh
iP94952f215440422c,Order1,Democrat (Left-aligned),AL-Uncivil,Aligned,Uncivil,1,2,Political,71,Female,White/Caucasian,Retired,"Some college credit, no degree",T5,Laptop/Epstein; Spongebob
iP94952f215440422c,Order1,Democrat (Left-aligned),OP-Borderline,Opposed,Borderline,1,2,Political,71,Female,White/Caucasian,Retired,"Some college credit, no degree",T4,Economy; Simpsons
iP94952f215440422c,Order1,Democrat (Left-aligned),OP-Civil,Opposed,Civil,1,2,Political,71,Female,White/Caucasian,Retired,"Some college credit, no degree",T2,Election sec.; Simpsons
iP94952f215440422c,Order1,Democrat (Left-aligned),OP-Uncivil,Opposed,Uncivil,1,3,Political,71,Female,White/Caucasian,Retired,"Some college credit, no degree",T6,Green energy; Spongebob
iP95bed38ae3861a61,Order5,Republican (Right-aligned),AL-Borderline,Aligned,Borderline,1,3,Political,62,Female,White/Caucasian,Retired,"Some college credit, no degree",T2,Election sec.; Simpsons
iP95bed38ae3861a61,Order5,Republican (Right-aligned),AL-Civil,Aligned,Civil,1,3,Political,62,Female,White/Caucasian,Retired,"Some college credit, no degree",T6,Green energy; Spongebob
iP95bed38ae3861a61,Order5,Republican (Right-aligned),AL-Uncivil,Aligned,Uncivil,1,4,Political,62,Female,White/Caucasian,Retired,"Some college credit, no degree",T4,Economy; Simpsons
iP95bed38ae3861a61,Order5,Republican (Right-aligned),OP-Borderline,Opposed,Borderline,1,4,Political,62,Female,White/Caucasian,Retired,"Some college credit, no degree",T1,Mamdani; Pooh
iP95bed38ae3861a61,Order5,Republican (Right-aligned),OP-Civil,Opposed,Civil,1,4,Political,62,Female,White/Caucasian,Retired,"Some college credit, no degree",T5,Laptop/Epstein; Spongebob
iP95bed38ae3861a61,Order5,Republican (Right-aligned),OP-Uncivil,Opposed,Uncivil,1,4,Political,62,Female,White/Caucasian,Retired,"Some college credit, no degree",T3,Gov. shutdown; Farquaad
iP9768812aa41ab424,Order6,Republican (Right-aligned),AL-Borderline,Aligned,Borderline,0,0,Political,67,Male,White/Caucasian,Work full time,Associate degree,T3,Gov. shutdown; Farquaad
iP9768812aa41ab424,Order6,Republican (Right-aligned),AL-Civil,Aligned,Civil,0,0,Political,67,Male,White/Caucasian,Work full time,Associate degree,T1,Mamdani; Pooh
iP9768812aa41ab424,Order6,Republican (Right-aligned),AL-Uncivil,Aligned,Uncivil,1,1,Political,67,Male,White/Caucasian,Work full time,Associate degree,T5,Laptop/Epstein; Spongebob
iP9768812aa41ab424,Order6,Republican (Right-aligned),OP-Borderline,Opposed,Borderline,0,0,Political,67,Male,White/Caucasian,Work full time,Associate degree,T2,Election sec.; Simpsons
iP9768812aa41ab424,Order6,Republican (Right-aligned),OP-Civil,Opposed,Civil,0,0,Political,67,Male,White/Caucasian,Work full time,Associate degree,T6,Green energy; Spongebob
iP9768812aa41ab424,Order6,Republican (Right-aligned),OP-Uncivil,Opposed,Uncivil,0,0,Political,67,Male,White/Caucasian,Work full time,Associate degree,T4,Economy; Simpsons
iP980773c4180f9a58,Order4,Democrat (Left-aligned),AL-Borderline,Aligned,Borderline,1,1,Political,42,Male,Black/African American,Work full time,"Some college credit, no degree",T6,Green energy; Spongebob
iP980773c4180f9a58,Order4,Democrat (Left-aligned),AL-Civil,Aligned,Civil,0,0,Political,42,Male,Black/African American,Work full time,"Some college credit, no degree",T4,Economy; Simpsons
iP980773c4180f9a58,Order4,Democrat (Left-aligned),AL-Uncivil,Aligned,Uncivil,1,3,Political,42,Male,Black/African American,Work full time,"Some college credit, no degree",T2,Election sec.; Simpsons
iP980773c4180f9a58,Order4,Democrat (Left-aligned),OP-Borderline,Opposed,Borderline,0,0,Political,42,Male,Black/African American,Work full time,"Some college credit, no degree",T1,Mamdani; Pooh
iP980773c4180f9a58,Order4,Democrat (Left-aligned),OP-Civil,Opposed,Civil,1,1,Political,42,Male,Black/African American,Work full time,"Some college credit, no degree",T5,Laptop/Epstein; Spongebob
iP980773c4180f9a58,Order4,Democrat (Left-aligned),OP-Uncivil,Opposed,Uncivil,1,4,Political,42,Male,Black/African American,Work full time,"Some college credit, no degree",T3,Gov. shutdown; Farquaad
iP9925cfd9a90b0d91,Order1,Democrat (Left-aligned),AL-Borderline,Aligned,Borderline,1,1,Political,47,Male,White/Caucasian,Work full time,Bachelor's degree,T3,Gov. shutdown; Farquaad
iP9925cfd9a90b0d91,Order1,Democrat (Left-aligned),AL-Civil,Aligned,Civil,1,3,Political,47,Male,White/Caucasian,Work full time,Bachelor's degree,T1,Mamdani; Pooh
iP9925cfd9a90b0d91,Order1,Democrat (Left-aligned),AL-Uncivil,Aligned,Uncivil,1,2,Political,47,Male,White/Caucasian,Work full time,Bachelor's degree,T5,Laptop/Epstein; Spongebob
iP9925cfd9a90b0d91,Order1,Democrat (Left-aligned),OP-Borderline,Opposed,Borderline,1,1,Political,47,Male,White/Caucasian,Work full time,Bachelor's degree,T4,Economy; Simpsons
iP9925cfd9a90b0d91,Order1,Democrat (Left-aligned),OP-Civil,Opposed,Civil,1,1,Political,47,Male,White/Caucasian,Work full time,Bachelor's degree,T2,Election sec.; Simpsons
iP9925cfd9a90b0d91,Order1,Democrat (Left-aligned),OP-Uncivil,Opposed,Uncivil,1,2,Political,47,Male,White/Caucasian,Work full time,Bachelor's degree,T6,Green energy; Spongebob
iP9add020e590d69df,Order1,Republican (Right-aligned),AL-Borderline,Aligned,Borderline,1,2,Political,36,Female,White/Caucasian,Homemaker,Bachelor's degree,T4,Economy; Simpsons
iP9add020e590d69df,Order1,Republican (Right-aligned),AL-Civil,Aligned,Civil,0,0,Political,36,Female,White/Caucasian,Homemaker,Bachelor's degree,T2,Election sec.; Simpsons
iP9add020e590d69df,Order1,Republican (Right-aligned),AL-Uncivil,Aligned,Uncivil,1,4,Political,36,Female,White/Caucasian,Homemaker,Bachelor's degree,T6,Green energy; Spongebob
iP9add020e590d69df,Order1,Republican (Right-aligned),OP-Borderline,Opposed,Borderline,1,2,Political,36,Female,White/Caucasian,Homemaker,Bachelor's degree,T3,Gov. shutdown; Farquaad
iP9add020e590d69df,Order1,Republican (Right-aligned),OP-Civil,Opposed,Civil,1,2,Political,36,Female,White/Caucasian,Homemaker,Bachelor's degree,T1,Mamdani; Pooh
iP9add020e590d69df,Order1,Republican (Right-aligned),OP-Uncivil,Opposed,Uncivil,1,3,Political,36,Female,White/Caucasian,Homemaker,Bachelor's degree,T5,Laptop/Epstein; Spongebob
iP9e7c094ec95a09bc,Order5,Democrat (Left-aligned),AL-Borderline,Aligned,Borderline,1,2,Political,52,Male,White/Caucasian,Work full time,Doctorate degree,T1,Mamdani; Pooh
iP9e7c094ec95a09bc,Order5,Democrat (Left-aligned),AL-Civil,Aligned,Civil,1,2,Political,52,Male,White/Caucasian,Work full time,Doctorate degree,T5,Laptop/Epstein; Spongebob
iP9e7c094ec95a09bc,Order5,Democrat (Left-aligned),AL-Uncivil,Aligned,Uncivil,1,2,Political,52,Male,White/Caucasian,Work full time,Doctorate degree,T3,Gov. shutdown; Farquaad
iP9e7c094ec95a09bc,Order5,Democrat (Left-aligned),OP-Borderline,Opposed,Borderline,1,2,Political,52,Male,White/Caucasian,Work full time,Doctorate degree,T2,Election sec.; Simpsons
iP9e7c094ec95a09bc,Order5,Democrat (Left-aligned),OP-Civil,Opposed,Civil,1,2,Political,52,Male,White/Caucasian,Work full time,Doctorate degree,T6,Green energy; Spongebob
iP9e7c094ec95a09bc,Order5,Democrat (Left-aligned),OP-Uncivil,Opposed,Uncivil,1,2,Political,52,Male,White/Caucasian,Work full time,Doctorate degree,T4,Economy; Simpsons
iP9faf2070555d7f46,Order1,Democrat (Left-aligned),AL-Borderline,Aligned,Borderline,1,3,Political,28,Male,White/Caucasian,Work full time,Associate degree,T3,Gov. shutdown; Farquaad
iP9faf2070555d7f46,Order1,Democrat (Left-aligned),AL-Civil,Aligned,Civil,1,1,Political,28,Male,White/Caucasian,Work full time,Associate degree,T1,Mamdani; Pooh
iP9faf2070555d7f46,Order1,Democrat (Left-aligned),AL-Uncivil,Aligned,Uncivil,1,4,Political,28,Male,White/Caucasian,Work full time,Associate degree,T5,Laptop/Epstein; Spongebob
iP9faf2070555d7f46,Order1,Democrat (Left-aligned),OP-Borderline,Opposed,Borderline,1,1,Political,28,Male,White/Caucasian,Work full time,Associate degree,T4,Economy; Simpsons
iP9faf2070555d7f46,Order1,Democrat (Left-aligned),OP-Civil,Opposed,Civil,1,3,Political,28,Male,White/Caucasian,Work full time,Associate degree,T2,Election sec.; Simpsons
iP9faf2070555d7f46,Order1,Democrat (Left-aligned),OP-Uncivil,Opposed,Uncivil,1,4,Political,28,Male,White/Caucasian,Work full time,Associate degree,T6,Green energy; Spongebob
iPa1ce28ff7de424a3,Order6,Republican (Right-aligned),AL-Borderline,Aligned,Borderline,1,4,Political,72,Female,White/Caucasian,Retired,"High school graduate, diploma or the equivalent (for example: GED)",T3,Gov. shutdown; Farquaad
iPa1ce28ff7de424a3,Order6,Republican (Right-aligned),AL-Civil,Aligned,Civil,1,2,Political,72,Female,White/Caucasian,Retired,"High school graduate, diploma or the equivalent (for example: GED)",T1,Mamdani; Pooh
iPa1ce28ff7de424a3,Order6,Republican (Right-aligned),AL-Uncivil,Aligned,Uncivil,1,4,Political,72,Female,White/Caucasian,Retired,"High school graduate, diploma or the equivalent (for example: GED)",T5,Laptop/Epstein; Spongebob
iPa1ce28ff7de424a3,Order6,Republican (Right-aligned),OP-Borderline,Opposed,Borderline,0,0,Political,72,Female,White/Caucasian,Retired,"High school graduate, diploma or the equivalent (for example: GED)",T2,Election sec.; Simpsons
iPa1ce28ff7de424a3,Order6,Republican (Right-aligned),OP-Civil,Opposed,Civil,1,2,Political,72,Female,White/Caucasian,Retired,"High school graduate, diploma or the equivalent (for example: GED)",T6,Green energy; Spongebob
iPa1ce28ff7de424a3,Order6,Republican (Right-aligned),OP-Uncivil,Opposed,Uncivil,1,4,Political,72,Female,White/Caucasian,Retired,"High school graduate, diploma or the equivalent (for example: GED)",T4,Economy; Simpsons
iPa200e47cd885be78,Order4,Democrat (Left-aligned),AL-Borderline,Aligned,Borderline,1,3,Political,35,Male,White/Caucasian,Work full time,Bachelor's degree,T6,Green energy; Spongebob
iPa200e47cd885be78,Order4,Democrat (Left-aligned),AL-Civil,Aligned,Civil,1,1,Political,35,Male,White/Caucasian,Work full time,Bachelor's degree,T4,Economy; Simpsons
iPa200e47cd885be78,Order4,Democrat (Left-aligned),AL-Uncivil,Aligned,Uncivil,1,3,Political,35,Male,White/Caucasian,Work full time,Bachelor's degree,T2,Election sec.; Simpsons
iPa200e47cd885be78,Order4,Democrat (Left-aligned),OP-Borderline,Opposed,Borderline,0,0,Political,35,Male,White/Caucasian,Work full time,Bachelor's degree,T1,Mamdani; Pooh
iPa200e47cd885be78,Order4,Democrat (Left-aligned),OP-Civil,Opposed,Civil,0,0,Political,35,Male,White/Caucasian,Work full time,Bachelor's degree,T5,Laptop/Epstein; Spongebob
iPa200e47cd885be78,Order4,Democrat (Left-aligned),OP-Uncivil,Opposed,Uncivil,1,3,Political,35,Male,White/Caucasian,Work full time,Bachelor's degree,T3,Gov. shutdown; Farquaad
iPa3c519ced922ba85,Order5,Republican (Right-aligned),AL-Borderline,Aligned,Borderline,1,1,Political,32,Female,White/Caucasian,Work full time,Associate degree,T2,Election sec.; Simpsons
iPa3c519ced922ba85,Order5,Republican (Right-aligned),AL-Civil,Aligned,Civil,1,3,Political,32,Female,White/Caucasian,Work full time,Associate degree,T6,Green energy; Spongebob
iPa3c519ced922ba85,Order5,Republican (Right-aligned),AL-Uncivil,Aligned,Uncivil,1,4,Political,32,Female,White/Caucasian,Work full time,Associate degree,T4,Economy; Simpsons
iPa3c519ced922ba85,Order5,Republican (Right-aligned),OP-Borderline,Opposed,Borderline,1,2,Political,32,Female,White/Caucasian,Work full time,Associate degree,T1,Mamdani; Pooh
iPa3c519ced922ba85,Order5,Republican (Right-aligned),OP-Civil,Opposed,Civil,1,4,Political,32,Female,White/Caucasian,Work full time,Associate degree,T5,Laptop/Epstein; Spongebob
iPa3c519ced922ba85,Order5,Republican (Right-aligned),OP-Uncivil,Opposed,Uncivil,1,2,Political,32,Female,White/Caucasian,Work full time,Associate degree,T3,Gov. shutdown; Farquaad
iPa3e249d0a738a94f,Order2,Democrat (Left-aligned),AL-Borderline,Aligned,Borderline,1,1,Political,77,Female,White/Caucasian,Retired,Bachelor's degree,T4,Economy; Simpsons
iPa3e249d0a738a94f,Order2,Democrat (Left-aligned),AL-Civil,Aligned,Civil,0,0,Political,77,Female,White/Caucasian,Retired,Bachelor's degree,T2,Election sec.; Simpsons
iPa3e249d0a738a94f,Order2,Democrat (Left-aligned),AL-Uncivil,Aligned,Uncivil,1,2,Political,77,Female,White/Caucasian,Retired,Bachelor's degree,T6,Green energy; Spongebob
iPa3e249d0a738a94f,Order2,Democrat (Left-aligned),OP-Borderline,Opposed,Borderline,1,3,Political,77,Female,White/Caucasian,Retired,Bachelor's degree,T5,Laptop/Epstein; Spongebob
iPa3e249d0a738a94f,Order2,Democrat (Left-aligned),OP-Civil,Opposed,Civil,1,2,Political,77,Female,White/Caucasian,Retired,Bachelor's degree,T3,Gov. shutdown; Farquaad
iPa3e249d0a738a94f,Order2,Democrat (Left-aligned),OP-Uncivil,Opposed,Uncivil,1,4,Political,77,Female,White/Caucasian,Retired,Bachelor's degree,T1,Mamdani; Pooh
iPa4034e09c1d23d51,Order1,Democrat (Left-aligned),AL-Borderline,Aligned,Borderline,1,2,Political,58,Male,White/Caucasian,Work full time,Master's degree,T3,Gov. shutdown; Farquaad
iPa4034e09c1d23d51,Order1,Democrat (Left-aligned),AL-Civil,Aligned,Civil,1,3,Political,58,Male,White/Caucasian,Work full time,Master's degree,T1,Mamdani; Pooh
iPa4034e09c1d23d51,Order1,Democrat (Left-aligned),AL-Uncivil,Aligned,Uncivil,1,2,Political,58,Male,White/Caucasian,Work full time,Master's degree,T5,Laptop/Epstein; Spongebob
iPa4034e09c1d23d51,Order1,Democrat (Left-aligned),OP-Borderline,Opposed,Borderline,1,2,Political,58,Male,White/Caucasian,Work full time,Master's degree,T4,Economy; Simpsons
iPa4034e09c1d23d51,Order1,Democrat (Left-aligned),OP-Civil,Opposed,Civil,1,2,Political,58,Male,White/Caucasian,Work full time,Master's degree,T2,Election sec.; Simpsons
iPa4034e09c1d23d51,Order1,Democrat (Left-aligned),OP-Uncivil,Opposed,Uncivil,1,2,Political,58,Male,White/Caucasian,Work full time,Master's degree,T6,Green energy; Spongebob
iPa6de01fa98eecdab,Order2,Republican (Right-aligned),AL-Borderline,Aligned,Borderline,0,0,Political,51,Female,White/Caucasian,Work full time,Associate degree,T5,Laptop/Epstein; Spongebob
iPa6de01fa98eecdab,Order2,Republican (Right-aligned),AL-Civil,Aligned,Civil,0,0,Political,51,Female,White/Caucasian,Work full time,Associate degree,T3,Gov. shutdown; Farquaad
iPa6de01fa98eecdab,Order2,Republican (Right-aligned),AL-Uncivil,Aligned,Uncivil,1,2,Political,51,Female,White/Caucasian,Work full time,Associate degree,T1,Mamdani; Pooh
iPa6de01fa98eecdab,Order2,Republican (Right-aligned),OP-Borderline,Opposed,Borderline,1,1,Political,51,Female,White/Caucasian,Work full time,Associate degree,T4,Economy; Simpsons
iPa6de01fa98eecdab,Order2,Republican (Right-aligned),OP-Civil,Opposed,Civil,0,0,Political,51,Female,White/Caucasian,Work full time,Associate degree,T2,Election sec.; Simpsons
iPa6de01fa98eecdab,Order2,Republican (Right-aligned),OP-Uncivil,Opposed,Uncivil,1,2,Political,51,Female,White/Caucasian,Work full time,Associate degree,T6,Green energy; Spongebob
iPa7793313ec6ad739,Order6,Republican (Right-aligned),AL-Borderline,Aligned,Borderline,1,1,Political,36,Female,Other race or ethnicity,Work full time,Bachelor's degree,T3,Gov. shutdown; Farquaad
iPa7793313ec6ad739,Order6,Republican (Right-aligned),AL-Civil,Aligned,Civil,0,0,Political,36,Female,Other race or ethnicity,Work full time,Bachelor's degree,T1,Mamdani; Pooh
iPa7793313ec6ad739,Order6,Republican (Right-aligned),AL-Uncivil,Aligned,Uncivil,1,1,Political,36,Female,Other race or ethnicity,Work full time,Bachelor's degree,T5,Laptop/Epstein; Spongebob
iPa7793313ec6ad739,Order6,Republican (Right-aligned),OP-Borderline,Opposed,Borderline,1,1,Political,36,Female,Other race or ethnicity,Work full time,Bachelor's degree,T2,Election sec.; Simpsons
iPa7793313ec6ad739,Order6,Republican (Right-aligned),OP-Civil,Opposed,Civil,0,0,Political,36,Female,Other race or ethnicity,Work full time,Bachelor's degree,T6,Green energy; Spongebob
iPa7793313ec6ad739,Order6,Republican (Right-aligned),OP-Uncivil,Opposed,Uncivil,1,2,Political,36,Female,Other race or ethnicity,Work full time,Bachelor's degree,T4,Economy; Simpsons
iPa9189f5bc72fabfd,Order6,Republican (Right-aligned),AL-Borderline,Aligned,Borderline,0,0,Political,19,Female,White/Caucasian,Student,"High school graduate, diploma or the equivalent (for example: GED)",T3,Gov. shutdown; Farquaad
iPa9189f5bc72fabfd,Order6,Republican (Right-aligned),AL-Civil,Aligned,Civil,0,0,Political,19,Female,White/Caucasian,Student,"High school graduate, diploma or the equivalent (for example: GED)",T1,Mamdani; Pooh
iPa9189f5bc72fabfd,Order6,Republican (Right-aligned),AL-Uncivil,Aligned,Uncivil,1,3,Political,19,Female,White/Caucasian,Student,"High school graduate, diploma or the equivalent (for example: GED)",T5,Laptop/Epstein; Spongebob
iPa9189f5bc72fabfd,Order6,Republican (Right-aligned),OP-Borderline,Opposed,Borderline,0,0,Political,19,Female,White/Caucasian,Student,"High school graduate, diploma or the equivalent (for example: GED)",T2,Election sec.; Simpsons
iPa9189f5bc72fabfd,Order6,Republican (Right-aligned),OP-Civil,Opposed,Civil,1,1,Political,19,Female,White/Caucasian,Student,"High school graduate, diploma or the equivalent (for example: GED)",T6,Green energy; Spongebob
iPa9189f5bc72fabfd,Order6,Republican (Right-aligned),OP-Uncivil,Opposed,Uncivil,1,4,Political,19,Female,White/Caucasian,Student,"High school graduate, diploma or the equivalent (for example: GED)",T4,Economy; Simpsons
iPa9512533933b4f72,Order6,Republican (Right-aligned),AL-Borderline,Aligned,Borderline,1,4,Political,21,Male,Black/African American,Work full time,"High school graduate, diploma or the equivalent (for example: GED)",T3,Gov. shutdown; Farquaad
iPa9512533933b4f72,Order6,Republican (Right-aligned),AL-Civil,Aligned,Civil,0,0,Political,21,Male,Black/African American,Work full time,"High school graduate, diploma or the equivalent (for example: GED)",T1,Mamdani; Pooh
iPa9512533933b4f72,Order6,Republican (Right-aligned),AL-Uncivil,Aligned,Uncivil,0,0,Political,21,Male,Black/African American,Work full time,"High school graduate, diploma or the equivalent (for example: GED)",T5,Laptop/Epstein; Spongebob
iPa9512533933b4f72,Order6,Republican (Right-aligned),OP-Borderline,Opposed,Borderline,0,0,Political,21,Male,Black/African American,Work full time,"High school graduate, diploma or the equivalent (for example: GED)",T2,Election sec.; Simpsons
iPa9512533933b4f72,Order6,Republican (Right-aligned),OP-Civil,Opposed,Civil,0,0,Political,21,Male,Black/African American,Work full time,"High school graduate, diploma or the equivalent (for example: GED)",T6,Green energy; Spongebob
iPa9512533933b4f72,Order6,Republican (Right-aligned),OP-Uncivil,Opposed,Uncivil,0,0,Political,21,Male,Black/African American,Work full time,"High school graduate, diploma or the equivalent (for example: GED)",T4,Economy; Simpsons
iPabce0abf1c854a1f,Order4,Democrat (Left-aligned),AL-Borderline,Aligned,Borderline,0,0,Political,34,Male,Asian,Work full time,Bachelor's degree,T6,Green energy; Spongebob
iPabce0abf1c854a1f,Order4,Democrat (Left-aligned),AL-Civil,Aligned,Civil,0,0,Political,34,Male,Asian,Work full time,Bachelor's degree,T4,Economy; Simpsons
iPabce0abf1c854a1f,Order4,Democrat (Left-aligned),AL-Uncivil,Aligned,Uncivil,1,1,Political,34,Male,Asian,Work full time,Bachelor's degree,T2,Election sec.; Simpsons
iPabce0abf1c854a1f,Order4,Democrat (Left-aligned),OP-Borderline,Opposed,Borderline,0,0,Political,34,Male,Asian,Work full time,Bachelor's degree,T1,Mamdani; Pooh
iPabce0abf1c854a1f,Order4,Democrat (Left-aligned),OP-Civil,Opposed,Civil,0,0,Political,34,Male,Asian,Work full time,Bachelor's degree,T5,Laptop/Epstein; Spongebob
iPabce0abf1c854a1f,Order4,Democrat (Left-aligned),OP-Uncivil,Opposed,Uncivil,1,2,Political,34,Male,Asian,Work full time,Bachelor's degree,T3,Gov. shutdown; Farquaad
iPabd94e92ef1195f1,Order1,Republican (Right-aligned),AL-Borderline,Aligned,Borderline,1,1,Political,57,Male,Other race or ethnicity,Work full time,Bachelor's degree,T4,Economy; Simpsons
iPabd94e92ef1195f1,Order1,Republican (Right-aligned),AL-Civil,Aligned,Civil,0,0,Political,57,Male,Other race or ethnicity,Work full time,Bachelor's degree,T2,Election sec.; Simpsons
iPabd94e92ef1195f1,Order1,Republican (Right-aligned),AL-Uncivil,Aligned,Uncivil,1,3,Political,57,Male,Other race or ethnicity,Work full time,Bachelor's degree,T6,Green energy; Spongebob
iPabd94e92ef1195f1,Order1,Republican (Right-aligned),OP-Borderline,Opposed,Borderline,1,2,Political,57,Male,Other race or ethnicity,Work full time,Bachelor's degree,T3,Gov. shutdown; Farquaad
iPabd94e92ef1195f1,Order1,Republican (Right-aligned),OP-Civil,Opposed,Civil,0,0,Political,57,Male,Other race or ethnicity,Work full time,Bachelor's degree,T1,Mamdani; Pooh
iPabd94e92ef1195f1,Order1,Republican (Right-aligned),OP-Uncivil,Opposed,Uncivil,1,3,Political,57,Male,Other race or ethnicity,Work full time,Bachelor's degree,T5,Laptop/Epstein; Spongebob
iPac4be404c9ab35a5,Order3,Democrat (Left-aligned),AL-Borderline,Aligned,Borderline,0,0,Political,74,Male,White/Caucasian,Work part time,Bachelor's degree,T5,Laptop/Epstein; Spongebob
iPac4be404c9ab35a5,Order3,Democrat (Left-aligned),AL-Civil,Aligned,Civil,0,0,Political,74,Male,White/Caucasian,Work part time,Bachelor's degree,T3,Gov. shutdown; Farquaad
iPac4be404c9ab35a5,Order3,Democrat (Left-aligned),AL-Uncivil,Aligned,Uncivil,1,3,Political,74,Male,White/Caucasian,Work part time,Bachelor's degree,T1,Mamdani; Pooh
iPac4be404c9ab35a5,Order3,Democrat (Left-aligned),OP-Borderline,Opposed,Borderline,0,0,Political,74,Male,White/Caucasian,Work part time,Bachelor's degree,T6,Green energy; Spongebob
iPac4be404c9ab35a5,Order3,Democrat (Left-aligned),OP-Civil,Opposed,Civil,0,0,Political,74,Male,White/Caucasian,Work part time,Bachelor's degree,T4,Economy; Simpsons
iPac4be404c9ab35a5,Order3,Democrat (Left-aligned),OP-Uncivil,Opposed,Uncivil,1,4,Political,74,Male,White/Caucasian,Work part time,Bachelor's degree,T2,Election sec.; Simpsons
iPad3b7c092f3faaf7,Order3,Democrat (Left-aligned),AL-Borderline,Aligned,Borderline,0,0,Political,30,Male,White/Caucasian,Work full time,Master's degree,T5,Laptop/Epstein; Spongebob
iPad3b7c092f3faaf7,Order3,Democrat (Left-aligned),AL-Civil,Aligned,Civil,0,0,Political,30,Male,White/Caucasian,Work full time,Master's degree,T3,Gov. shutdown; Farquaad
iPad3b7c092f3faaf7,Order3,Democrat (Left-aligned),AL-Uncivil,Aligned,Uncivil,1,1,Political,30,Male,White/Caucasian,Work full time,Master's degree,T1,Mamdani; Pooh
iPad3b7c092f3faaf7,Order3,Democrat (Left-aligned),OP-Borderline,Opposed,Borderline,0,0,Political,30,Male,White/Caucasian,Work full time,Master's degree,T6,Green energy; Spongebob
iPad3b7c092f3faaf7,Order3,Democrat (Left-aligned),OP-Civil,Opposed,Civil,0,0,Political,30,Male,White/Caucasian,Work full time,Master's degree,T4,Economy; Simpsons
iPad3b7c092f3faaf7,Order3,Democrat (Left-aligned),OP-Uncivil,Opposed,Uncivil,1,4,Political,30,Male,White/Caucasian,Work full time,Master's degree,T2,Election sec.; Simpsons
iPad933cb4fb32e98f,Order3,Republican (Right-aligned),AL-Borderline,Aligned,Borderline,0,0,Political,57,Female,White/Caucasian,Other,"Some college credit, no degree",T6,Green energy; Spongebob
iPad933cb4fb32e98f,Order3,Republican (Right-aligned),AL-Civil,Aligned,Civil,0,0,Political,57,Female,White/Caucasian,Other,"Some college credit, no degree",T4,Economy; Simpsons
iPad933cb4fb32e98f,Order3,Republican (Right-aligned),AL-Uncivil,Aligned,Uncivil,0,0,Political,57,Female,White/Caucasian,Other,"Some college credit, no degree",T2,Election sec.; Simpsons
iPad933cb4fb32e98f,Order3,Republican (Right-aligned),OP-Borderline,Opposed,Borderline,0,0,Political,57,Female,White/Caucasian,Other,"Some college credit, no degree",T5,Laptop/Epstein; Spongebob
iPad933cb4fb32e98f,Order3,Republican (Right-aligned),OP-Civil,Opposed,Civil,0,0,Political,57,Female,White/Caucasian,Other,"Some college credit, no degree",T3,Gov. shutdown; Farquaad
iPad933cb4fb32e98f,Order3,Republican (Right-aligned),OP-Uncivil,Opposed,Uncivil,1,2,Political,57,Female,White/Caucasian,Other,"Some college credit, no degree",T1,Mamdani; Pooh
iPaf583512229a6c8a,Order3,Republican (Right-aligned),AL-Borderline,Aligned,Borderline,0,0,Political,78,Male,White/Caucasian,Retired,Bachelor's degree,T6,Green energy; Spongebob
iPaf583512229a6c8a,Order3,Republican (Right-aligned),AL-Civil,Aligned,Civil,0,0,Political,78,Male,White/Caucasian,Retired,Bachelor's degree,T4,Economy; Simpsons
iPaf583512229a6c8a,Order3,Republican (Right-aligned),AL-Uncivil,Aligned,Uncivil,0,0,Political,78,Male,White/Caucasian,Retired,Bachelor's degree,T2,Election sec.; Simpsons
iPaf583512229a6c8a,Order3,Republican (Right-aligned),OP-Borderline,Opposed,Borderline,1,4,Political,78,Male,White/Caucasian,Retired,Bachelor's degree,T5,Laptop/Epstein; Spongebob
iPaf583512229a6c8a,Order3,Republican (Right-aligned),OP-Civil,Opposed,Civil,1,3,Political,78,Male,White/Caucasian,Retired,Bachelor's degree,T3,Gov. shutdown; Farquaad
iPaf583512229a6c8a,Order3,Republican (Right-aligned),OP-Uncivil,Opposed,Uncivil,1,4,Political,78,Male,White/Caucasian,Retired,Bachelor's degree,T1,Mamdani; Pooh
iPb0053dabd6df406a,Order6,Democrat (Left-aligned),AL-Borderline,Aligned,Borderline,1,4,Political,50,Male,Black/African American,Work full time,Master's degree,T2,Election sec.; Simpsons
iPb0053dabd6df406a,Order6,Democrat (Left-aligned),AL-Civil,Aligned,Civil,1,3,Political,50,Male,Black/African American,Work full time,Master's degree,T6,Green energy; Spongebob
iPb0053dabd6df406a,Order6,Democrat (Left-aligned),AL-Uncivil,Aligned,Uncivil,1,4,Political,50,Male,Black/African American,Work full time,Master's degree,T4,Economy; Simpsons
iPb0053dabd6df406a,Order6,Democrat (Left-aligned),OP-Borderline,Opposed,Borderline,0,0,Political,50,Male,Black/African American,Work full time,Master's degree,T3,Gov. shutdown; Farquaad
iPb0053dabd6df406a,Order6,Democrat (Left-aligned),OP-Civil,Opposed,Civil,0,0,Political,50,Male,Black/African American,Work full time,Master's degree,T1,Mamdani; Pooh
iPb0053dabd6df406a,Order6,Democrat (Left-aligned),OP-Uncivil,Opposed,Uncivil,1,4,Political,50,Male,Black/African American,Work full time,Master's degree,T5,Laptop/Epstein; Spongebob
iPb17d4a6a93d5b9ea,Order5,Republican (Right-aligned),AL-Borderline,Aligned,Borderline,1,1,Political,52,Female,White/Caucasian,Work full time,Master's degree,T2,Election sec.; Simpsons
iPb17d4a6a93d5b9ea,Order5,Republican (Right-aligned),AL-Civil,Aligned,Civil,1,1,Political,52,Female,White/Caucasian,Work full time,Master's degree,T6,Green energy; Spongebob
iPb17d4a6a93d5b9ea,Order5,Republican (Right-aligned),AL-Uncivil,Aligned,Uncivil,1,3,Political,52,Female,White/Caucasian,Work full time,Master's degree,T4,Economy; Simpsons
iPb17d4a6a93d5b9ea,Order5,Republican (Right-aligned),OP-Borderline,Opposed,Borderline,1,1,Political,52,Female,White/Caucasian,Work full time,Master's degree,T1,Mamdani; Pooh
iPb17d4a6a93d5b9ea,Order5,Republican (Right-aligned),OP-Civil,Opposed,Civil,1,3,Political,52,Female,White/Caucasian,Work full time,Master's degree,T5,Laptop/Epstein; Spongebob
iPb17d4a6a93d5b9ea,Order5,Republican (Right-aligned),OP-Uncivil,Opposed,Uncivil,1,1,Political,52,Female,White/Caucasian,Work full time,Master's degree,T3,Gov. shutdown; Farquaad
iPb1b20aac1f88953c,Order1,Democrat (Left-aligned),AL-Borderline,Aligned,Borderline,0,0,Political,50,Non-binary,White/Caucasian,Work full time,Master's degree,T3,Gov. shutdown; Farquaad
iPb1b20aac1f88953c,Order1,Democrat (Left-aligned),AL-Civil,Aligned,Civil,0,0,Political,50,Non-binary,White/Caucasian,Work full time,Master's degree,T1,Mamdani; Pooh
iPb1b20aac1f88953c,Order1,Democrat (Left-aligned),AL-Uncivil,Aligned,Uncivil,1,1,Political,50,Non-binary,White/Caucasian,Work full time,Master's degree,T5,Laptop/Epstein; Spongebob
iPb1b20aac1f88953c,Order1,Democrat (Left-aligned),OP-Borderline,Opposed,Borderline,0,0,Political,50,Non-binary,White/Caucasian,Work full time,Master's degree,T4,Economy; Simpsons
iPb1b20aac1f88953c,Order1,Democrat (Left-aligned),OP-Civil,Opposed,Civil,0,0,Political,50,Non-binary,White/Caucasian,Work full time,Master's degree,T2,Election sec.; Simpsons
iPb1b20aac1f88953c,Order1,Democrat (Left-aligned),OP-Uncivil,Opposed,Uncivil,1,2,Political,50,Non-binary,White/Caucasian,Work full time,Master's degree,T6,Green energy; Spongebob
iPb25b7a11233a0ee2,Order1,Republican (Right-aligned),AL-Borderline,Aligned,Borderline,1,1,Political,34,Male,White/Caucasian,Work full time,Doctorate degree,T4,Economy; Simpsons
iPb25b7a11233a0ee2,Order1,Republican (Right-aligned),AL-Civil,Aligned,Civil,1,1,Political,34,Male,White/Caucasian,Work full time,Doctorate degree,T2,Election sec.; Simpsons
iPb25b7a11233a0ee2,Order1,Republican (Right-aligned),AL-Uncivil,Aligned,Uncivil,1,2,Political,34,Male,White/Caucasian,Work full time,Doctorate degree,T6,Green energy; Spongebob
iPb25b7a11233a0ee2,Order1,Republican (Right-aligned),OP-Borderline,Opposed,Borderline,0,0,Political,34,Male,White/Caucasian,Work full time,Doctorate degree,T3,Gov. shutdown; Farquaad
iPb25b7a11233a0ee2,Order1,Republican (Right-aligned),OP-Civil,Opposed,Civil,1,1,Political,34,Male,White/Caucasian,Work full time,Doctorate degree,T1,Mamdani; Pooh
iPb25b7a11233a0ee2,Order1,Republican (Right-aligned),OP-Uncivil,Opposed,Uncivil,1,2,Political,34,Male,White/Caucasian,Work full time,Doctorate degree,T5,Laptop/Epstein; Spongebob
iPb3895b7def90f5c2,Order4,Republican (Right-aligned),AL-Borderline,Aligned,Borderline,1,3,Political,41,Female,White/Caucasian,Work part time,Associate degree,T1,Mamdani; Pooh
iPb3895b7def90f5c2,Order4,Republican (Right-aligned),AL-Civil,Aligned,Civil,0,0,Political,41,Female,White/Caucasian,Work part time,Associate degree,T5,Laptop/Epstein; Spongebob
iPb3895b7def90f5c2,Order4,Republican (Right-aligned),AL-Uncivil,Aligned,Uncivil,1,2,Political,41,Female,White/Caucasian,Work part time,Associate degree,T3,Gov. shutdown; Farquaad
iPb3895b7def90f5c2,Order4,Republican (Right-aligned),OP-Borderline,Opposed,Borderline,1,2,Political,41,Female,White/Caucasian,Work part time,Associate degree,T6,Green energy; Spongebob
iPb3895b7def90f5c2,Order4,Republican (Right-aligned),OP-Civil,Opposed,Civil,1,2,Political,41,Female,White/Caucasian,Work part time,Associate degree,T4,Economy; Simpsons
iPb3895b7def90f5c2,Order4,Republican (Right-aligned),OP-Uncivil,Opposed,Uncivil,1,3,Political,41,Female,White/Caucasian,Work part time,Associate degree,T2,Election sec.; Simpsons
iPb4d18ece48f15c2c,Order2,Republican (Right-aligned),AL-Borderline,Aligned,Borderline,0,0,Political,24,Female,White/Caucasian,Work part time,Master's degree,T5,Laptop/Epstein; Spongebob
iPb4d18ece48f15c2c,Order2,Republican (Right-aligned),AL-Civil,Aligned,Civil,1,1,Political,24,Female,White/Caucasian,Work part time,Master's degree,T3,Gov. shutdown; Farquaad
iPb4d18ece48f15c2c,Order2,Republican (Right-aligned),AL-Uncivil,Aligned,Uncivil,1,3,Political,24,Female,White/Caucasian,Work part time,Master's degree,T1,Mamdani; Pooh
iPb4d18ece48f15c2c,Order2,Republican (Right-aligned),OP-Borderline,Opposed,Borderline,1,2,Political,24,Female,White/Caucasian,Work part time,Master's degree,T4,Economy; Simpsons
iPb4d18ece48f15c2c,Order2,Republican (Right-aligned),OP-Civil,Opposed,Civil,0,0,Political,24,Female,White/Caucasian,Work part time,Master's degree,T2,Election sec.; Simpsons
iPb4d18ece48f15c2c,Order2,Republican (Right-aligned),OP-Uncivil,Opposed,Uncivil,1,2,Political,24,Female,White/Caucasian,Work part time,Master's degree,T6,Green energy; Spongebob
iPb5c5f35be3f03915,Order1,Democrat (Left-aligned),AL-Borderline,Aligned,Borderline,0,0,Political,33,Male,Prefer not to answer,Unemployed - looking for work,Master's degree,T3,Gov. shutdown; Farquaad
iPb5c5f35be3f03915,Order1,Democrat (Left-aligned),AL-Civil,Aligned,Civil,0,0,Political,33,Male,Prefer not to answer,Unemployed - looking for work,Master's degree,T1,Mamdani; Pooh
iPb5c5f35be3f03915,Order1,Democrat (Left-aligned),AL-Uncivil,Aligned,Uncivil,1,2,Political,33,Male,Prefer not to answer,Unemployed - looking for work,Master's degree,T5,Laptop/Epstein; Spongebob
iPb5c5f35be3f03915,Order1,Democrat (Left-aligned),OP-Borderline,Opposed,Borderline,0,0,Political,33,Male,Prefer not to answer,Unemployed - looking for work,Master's degree,T4,Economy; Simpsons
iPb5c5f35be3f03915,Order1,Democrat (Left-aligned),OP-Civil,Opposed,Civil,0,0,Political,33,Male,Prefer not to answer,Unemployed - looking for work,Master's degree,T2,Election sec.; Simpsons
iPb5c5f35be3f03915,Order1,Democrat (Left-aligned),OP-Uncivil,Opposed,Uncivil,1,2,Political,33,Male,Prefer not to answer,Unemployed - looking for work,Master's degree,T6,Green energy; Spongebob
iPb8a64d9f94807262,Order6,Democrat (Left-aligned),AL-Borderline,Aligned,Borderline,1,1,Political,65,Female,White/Caucasian,Retired,Master's degree,T2,Election sec.; Simpsons
iPb8a64d9f94807262,Order6,Democrat (Left-aligned),AL-Civil,Aligned,Civil,0,0,Political,65,Female,White/Caucasian,Retired,Master's degree,T6,Green energy; Spongebob
iPb8a64d9f94807262,Order6,Democrat (Left-aligned),AL-Uncivil,Aligned,Uncivil,1,3,Political,65,Female,White/Caucasian,Retired,Master's degree,T4,Economy; Simpsons
iPb8a64d9f94807262,Order6,Democrat (Left-aligned),OP-Borderline,Opposed,Borderline,1,1,Political,65,Female,White/Caucasian,Retired,Master's degree,T3,Gov. shutdown; Farquaad
iPb8a64d9f94807262,Order6,Democrat (Left-aligned),OP-Civil,Opposed,Civil,1,1,Political,65,Female,White/Caucasian,Retired,Master's degree,T1,Mamdani; Pooh
iPb8a64d9f94807262,Order6,Democrat (Left-aligned),OP-Uncivil,Opposed,Uncivil,1,3,Political,65,Female,White/Caucasian,Retired,Master's degree,T5,Laptop/Epstein; Spongebob
iPba14d36448383e04,Order6,Democrat (Left-aligned),AL-Borderline,Aligned,Borderline,0,0,Political,34,Male,White/Caucasian,Work full time,Master's degree,T2,Election sec.; Simpsons
iPba14d36448383e04,Order6,Democrat (Left-aligned),AL-Civil,Aligned,Civil,0,0,Political,34,Male,White/Caucasian,Work full time,Master's degree,T6,Green energy; Spongebob
iPba14d36448383e04,Order6,Democrat (Left-aligned),AL-Uncivil,Aligned,Uncivil,0,0,Political,34,Male,White/Caucasian,Work full time,Master's degree,T4,Economy; Simpsons
iPba14d36448383e04,Order6,Democrat (Left-aligned),OP-Borderline,Opposed,Borderline,0,0,Political,34,Male,White/Caucasian,Work full time,Master's degree,T3,Gov. shutdown; Farquaad
iPba14d36448383e04,Order6,Democrat (Left-aligned),OP-Civil,Opposed,Civil,1,3,Political,34,Male,White/Caucasian,Work full time,Master's degree,T1,Mamdani; Pooh
iPba14d36448383e04,Order6,Democrat (Left-aligned),OP-Uncivil,Opposed,Uncivil,0,0,Political,34,Male,White/Caucasian,Work full time,Master's degree,T5,Laptop/Epstein; Spongebob
iPbb9ecf0f3b060b7d,Order5,Democrat (Left-aligned),AL-Borderline,Aligned,Borderline,1,1,Political,37,Female,White/Caucasian,Work full time,Bachelor's degree,T1,Mamdani; Pooh
iPbb9ecf0f3b060b7d,Order5,Democrat (Left-aligned),AL-Civil,Aligned,Civil,0,0,Political,37,Female,White/Caucasian,Work full time,Bachelor's degree,T5,Laptop/Epstein; Spongebob
iPbb9ecf0f3b060b7d,Order5,Democrat (Left-aligned),AL-Uncivil,Aligned,Uncivil,1,2,Political,37,Female,White/Caucasian,Work full time,Bachelor's degree,T3,Gov. shutdown; Farquaad
iPbb9ecf0f3b060b7d,Order5,Democrat (Left-aligned),OP-Borderline,Opposed,Borderline,1,1,Political,37,Female,White/Caucasian,Work full time,Bachelor's degree,T2,Election sec.; Simpsons
iPbb9ecf0f3b060b7d,Order5,Democrat (Left-aligned),OP-Civil,Opposed,Civil,0,0,Political,37,Female,White/Caucasian,Work full time,Bachelor's degree,T6,Green energy; Spongebob
iPbb9ecf0f3b060b7d,Order5,Democrat (Left-aligned),OP-Uncivil,Opposed,Uncivil,1,3,Political,37,Female,White/Caucasian,Work full time,Bachelor's degree,T4,Economy; Simpsons
iPbd74a5c6db92cd59,Order6,Republican (Right-aligned),AL-Borderline,Aligned,Borderline,0,0,Political,46,Male,White/Caucasian,Work full time,"Some college credit, no degree",T3,Gov. shutdown; Farquaad
iPbd74a5c6db92cd59,Order6,Republican (Right-aligned),AL-Civil,Aligned,Civil,0,0,Political,46,Male,White/Caucasian,Work full time,"Some college credit, no degree",T1,Mamdani; Pooh
iPbd74a5c6db92cd59,Order6,Republican (Right-aligned),AL-Uncivil,Aligned,Uncivil,0,0,Political,46,Male,White/Caucasian,Work full time,"Some college credit, no degree",T5,Laptop/Epstein; Spongebob
iPbd74a5c6db92cd59,Order6,Republican (Right-aligned),OP-Borderline,Opposed,Borderline,0,0,Political,46,Male,White/Caucasian,Work full time,"Some college credit, no degree",T2,Election sec.; Simpsons
iPbd74a5c6db92cd59,Order6,Republican (Right-aligned),OP-Civil,Opposed,Civil,0,0,Political,46,Male,White/Caucasian,Work full time,"Some college credit, no degree",T6,Green energy; Spongebob
iPbd74a5c6db92cd59,Order6,Republican (Right-aligned),OP-Uncivil,Opposed,Uncivil,0,0,Political,46,Male,White/Caucasian,Work full time,"Some college credit, no degree",T4,Economy; Simpsons
iPbe62842c0b7232f1,Order1,Democrat (Left-aligned),AL-Borderline,Aligned,Borderline,0,0,Political,50,Female,White/Caucasian,Work full time,"Some college credit, no degree",T3,Gov. shutdown; Farquaad
iPbe62842c0b7232f1,Order1,Democrat (Left-aligned),AL-Civil,Aligned,Civil,0,0,Political,50,Female,White/Caucasian,Work full time,"Some college credit, no degree",T1,Mamdani; Pooh
iPbe62842c0b7232f1,Order1,Democrat (Left-aligned),AL-Uncivil,Aligned,Uncivil,1,1,Political,50,Female,White/Caucasian,Work full time,"Some college credit, no degree",T5,Laptop/Epstein; Spongebob
iPbe62842c0b7232f1,Order1,Democrat (Left-aligned),OP-Borderline,Opposed,Borderline,0,0,Political,50,Female,White/Caucasian,Work full time,"Some college credit, no degree",T4,Economy; Simpsons
iPbe62842c0b7232f1,Order1,Democrat (Left-aligned),OP-Civil,Opposed,Civil,0,0,Political,50,Female,White/Caucasian,Work full time,"Some college credit, no degree",T2,Election sec.; Simpsons
iPbe62842c0b7232f1,Order1,Democrat (Left-aligned),OP-Uncivil,Opposed,Uncivil,1,3,Political,50,Female,White/Caucasian,Work full time,"Some college credit, no degree",T6,Green energy; Spongebob
iPc0b2f9a6f92e18a0,Order6,Democrat (Left-aligned),AL-Borderline,Aligned,Borderline,1,1,Political,52,Male,Black/African American,Work full time,Associate degree,T2,Election sec.; Simpsons
iPc0b2f9a6f92e18a0,Order6,Democrat (Left-aligned),AL-Civil,Aligned,Civil,0,0,Political,52,Male,Black/African American,Work full time,Associate degree,T6,Green energy; Spongebob
iPc0b2f9a6f92e18a0,Order6,Democrat (Left-aligned),AL-Uncivil,Aligned,Uncivil,1,3,Political,52,Male,Black/African American,Work full time,Associate degree,T4,Economy; Simpsons
iPc0b2f9a6f92e18a0,Order6,Democrat (Left-aligned),OP-Borderline,Opposed,Borderline,1,2,Political,52,Male,Black/African American,Work full time,Associate degree,T3,Gov. shutdown; Farquaad
iPc0b2f9a6f92e18a0,Order6,Democrat (Left-aligned),OP-Civil,Opposed,Civil,1,1,Political,52,Male,Black/African American,Work full time,Associate degree,T1,Mamdani; Pooh
iPc0b2f9a6f92e18a0,Order6,Democrat (Left-aligned),OP-Uncivil,Opposed,Uncivil,1,2,Political,52,Male,Black/African American,Work full time,Associate degree,T5,Laptop/Epstein; Spongebob
iPc13ba703e2b24610,Order3,Democrat (Left-aligned),AL-Borderline,Aligned,Borderline,1,2,Political,75,Male,White/Caucasian,Retired,Bachelor's degree,T5,Laptop/Epstein; Spongebob
iPc13ba703e2b24610,Order3,Democrat (Left-aligned),AL-Civil,Aligned,Civil,1,4,Political,75,Male,White/Caucasian,Retired,Bachelor's degree,T3,Gov. shutdown; Farquaad
iPc13ba703e2b24610,Order3,Democrat (Left-aligned),AL-Uncivil,Aligned,Uncivil,1,4,Political,75,Male,White/Caucasian,Retired,Bachelor's degree,T1,Mamdani; Pooh
iPc13ba703e2b24610,Order3,Democrat (Left-aligned),OP-Borderline,Opposed,Borderline,1,3,Political,75,Male,White/Caucasian,Retired,Bachelor's degree,T6,Green energy; Spongebob
iPc13ba703e2b24610,Order3,Democrat (Left-aligned),OP-Civil,Opposed,Civil,1,3,Political,75,Male,White/Caucasian,Retired,Bachelor's degree,T4,Economy; Simpsons
iPc13ba703e2b24610,Order3,Democrat (Left-aligned),OP-Uncivil,Opposed,Uncivil,1,3,Political,75,Male,White/Caucasian,Retired,Bachelor's degree,T2,Election sec.; Simpsons
iPc14c8d5fd26fb8c3,Order5,Democrat (Left-aligned),AL-Borderline,Aligned,Borderline,0,0,Political,60,Female,White/Caucasian,Work part time,Professional degree,T1,Mamdani; Pooh
iPc14c8d5fd26fb8c3,Order5,Democrat (Left-aligned),AL-Civil,Aligned,Civil,0,0,Political,60,Female,White/Caucasian,Work part time,Professional degree,T5,Laptop/Epstein; Spongebob
iPc14c8d5fd26fb8c3,Order5,Democrat (Left-aligned),AL-Uncivil,Aligned,Uncivil,1,1,Political,60,Female,White/Caucasian,Work part time,Professional degree,T3,Gov. shutdown; Farquaad
iPc14c8d5fd26fb8c3,Order5,Democrat (Left-aligned),OP-Borderline,Opposed,Borderline,0,0,Political,60,Female,White/Caucasian,Work part time,Professional degree,T2,Election sec.; Simpsons
iPc14c8d5fd26fb8c3,Order5,Democrat (Left-aligned),OP-Civil,Opposed,Civil,0,0,Political,60,Female,White/Caucasian,Work part time,Professional degree,T6,Green energy; Spongebob
iPc14c8d5fd26fb8c3,Order5,Democrat (Left-aligned),OP-Uncivil,Opposed,Uncivil,1,3,Political,60,Female,White/Caucasian,Work part time,Professional degree,T4,Economy; Simpsons
iPc20c8df38cd6d3d4,Order5,Democrat (Left-aligned),AL-Borderline,Aligned,Borderline,1,1,Political,29,Female,Asian,Work full time,Bachelor's degree,T1,Mamdani; Pooh
iPc20c8df38cd6d3d4,Order5,Democrat (Left-aligned),AL-Civil,Aligned,Civil,0,0,Political,29,Female,Asian,Work full time,Bachelor's degree,T5,Laptop/Epstein; Spongebob
iPc20c8df38cd6d3d4,Order5,Democrat (Left-aligned),AL-Uncivil,Aligned,Uncivil,1,1,Political,29,Female,Asian,Work full time,Bachelor's degree,T3,Gov. shutdown; Farquaad
iPc20c8df38cd6d3d4,Order5,Democrat (Left-aligned),OP-Borderline,Opposed,Borderline,1,1,Political,29,Female,Asian,Work full time,Bachelor's degree,T2,Election sec.; Simpsons
iPc20c8df38cd6d3d4,Order5,Democrat (Left-aligned),OP-Civil,Opposed,Civil,0,0,Political,29,Female,Asian,Work full time,Bachelor's degree,T6,Green energy; Spongebob
iPc20c8df38cd6d3d4,Order5,Democrat (Left-aligned),OP-Uncivil,Opposed,Uncivil,1,1,Political,29,Female,Asian,Work full time,Bachelor's degree,T4,Economy; Simpsons
iPc38fcd1f073cde0c,Order1,Democrat (Left-aligned),AL-Borderline,Aligned,Borderline,0,0,Political,40,Female,White/Caucasian,Work full time,Bachelor's degree,T3,Gov. shutdown; Farquaad
iPc38fcd1f073cde0c,Order1,Democrat (Left-aligned),AL-Civil,Aligned,Civil,0,0,Political,40,Female,White/Caucasian,Work full time,Bachelor's degree,T1,Mamdani; Pooh
iPc38fcd1f073cde0c,Order1,Democrat (Left-aligned),AL-Uncivil,Aligned,Uncivil,1,1,Political,40,Female,White/Caucasian,Work full time,Bachelor's degree,T5,Laptop/Epstein; Spongebob
iPc38fcd1f073cde0c,Order1,Democrat (Left-aligned),OP-Borderline,Opposed,Borderline,0,0,Political,40,Female,White/Caucasian,Work full time,Bachelor's degree,T4,Economy; Simpsons
iPc38fcd1f073cde0c,Order1,Democrat (Left-aligned),OP-Civil,Opposed,Civil,0,0,Political,40,Female,White/Caucasian,Work full time,Bachelor's degree,T2,Election sec.; Simpsons
iPc38fcd1f073cde0c,Order1,Democrat (Left-aligned),OP-Uncivil,Opposed,Uncivil,1,3,Political,40,Female,White/Caucasian,Work full time,Bachelor's degree,T6,Green energy; Spongebob
iPc6bb019ae80327dd,Order3,Republican (Right-aligned),AL-Borderline,Aligned,Borderline,1,4,Political,56,Female,Other race or ethnicity,Work part time,Bachelor's degree,T6,Green energy; Spongebob
iPc6bb019ae80327dd,Order3,Republican (Right-aligned),AL-Civil,Aligned,Civil,1,4,Political,56,Female,Other race or ethnicity,Work part time,Bachelor's degree,T4,Economy; Simpsons
iPc6bb019ae80327dd,Order3,Republican (Right-aligned),AL-Uncivil,Aligned,Uncivil,1,4,Political,56,Female,Other race or ethnicity,Work part time,Bachelor's degree,T2,Election sec.; Simpsons
iPc6bb019ae80327dd,Order3,Republican (Right-aligned),OP-Borderline,Opposed,Borderline,1,4,Political,56,Female,Other race or ethnicity,Work part time,Bachelor's degree,T5,Laptop/Epstein; Spongebob
iPc6bb019ae80327dd,Order3,Republican (Right-aligned),OP-Civil,Opposed,Civil,1,4,Political,56,Female,Other race or ethnicity,Work part time,Bachelor's degree,T3,Gov. shutdown; Farquaad
iPc6bb019ae80327dd,Order3,Republican (Right-aligned),OP-Uncivil,Opposed,Uncivil,1,4,Political,56,Female,Other race or ethnicity,Work part time,Bachelor's degree,T1,Mamdani; Pooh
iPc7953aa49673fad7,Order6,Democrat (Left-aligned),AL-Borderline,Aligned,Borderline,0,0,Political,27,Female,Black/African American,Other,"High school graduate, diploma or the equivalent (for example: GED)",T2,Election sec.; Simpsons
iPc7953aa49673fad7,Order6,Democrat (Left-aligned),AL-Civil,Aligned,Civil,0,0,Political,27,Female,Black/African American,Other,"High school graduate, diploma or the equivalent (for example: GED)",T6,Green energy; Spongebob
iPc7953aa49673fad7,Order6,Democrat (Left-aligned),AL-Uncivil,Aligned,Uncivil,1,3,Political,27,Female,Black/African American,Other,"High school graduate, diploma or the equivalent (for example: GED)",T4,Economy; Simpsons
iPc7953aa49673fad7,Order6,Democrat (Left-aligned),OP-Borderline,Opposed,Borderline,1,4,Political,27,Female,Black/African American,Other,"High school graduate, diploma or the equivalent (for example: GED)",T3,Gov. shutdown; Farquaad
iPc7953aa49673fad7,Order6,Democrat (Left-aligned),OP-Civil,Opposed,Civil,1,3,Political,27,Female,Black/African American,Other,"High school graduate, diploma or the equivalent (for example: GED)",T1,Mamdani; Pooh
iPc7953aa49673fad7,Order6,Democrat (Left-aligned),OP-Uncivil,Opposed,Uncivil,1,4,Political,27,Female,Black/African American,Other,"High school graduate, diploma or the equivalent (for example: GED)",T5,Laptop/Epstein; Spongebob
iPca19adb3fb90a4b9,Order4,Republican (Right-aligned),AL-Borderline,Aligned,Borderline,1,3,Political,63,Female,White/Caucasian,Retired,Master's degree,T1,Mamdani; Pooh
iPca19adb3fb90a4b9,Order4,Republican (Right-aligned),AL-Civil,Aligned,Civil,1,4,Political,63,Female,White/Caucasian,Retired,Master's degree,T5,Laptop/Epstein; Spongebob
iPca19adb3fb90a4b9,Order4,Republican (Right-aligned),AL-Uncivil,Aligned,Uncivil,1,4,Political,63,Female,White/Caucasian,Retired,Master's degree,T3,Gov. shutdown; Farquaad
iPca19adb3fb90a4b9,Order4,Republican (Right-aligned),OP-Borderline,Opposed,Borderline,1,4,Political,63,Female,White/Caucasian,Retired,Master's degree,T6,Green energy; Spongebob
iPca19adb3fb90a4b9,Order4,Republican (Right-aligned),OP-Civil,Opposed,Civil,1,3,Political,63,Female,White/Caucasian,Retired,Master's degree,T4,Economy; Simpsons
iPca19adb3fb90a4b9,Order4,Republican (Right-aligned),OP-Uncivil,Opposed,Uncivil,1,3,Political,63,Female,White/Caucasian,Retired,Master's degree,T2,Election sec.; Simpsons
iPcc0fd2bb8a1e8345,Order4,Democrat (Left-aligned),AL-Borderline,Aligned,Borderline,0,0,Political,24,Female,White/Caucasian,Work full time,"High school graduate, diploma or the equivalent (for example: GED)",T6,Green energy; Spongebob
iPcc0fd2bb8a1e8345,Order4,Democrat (Left-aligned),AL-Civil,Aligned,Civil,1,1,Political,24,Female,White/Caucasian,Work full time,"High school graduate, diploma or the equivalent (for example: GED)",T4,Economy; Simpsons
iPcc0fd2bb8a1e8345,Order4,Democrat (Left-aligned),AL-Uncivil,Aligned,Uncivil,1,1,Political,24,Female,White/Caucasian,Work full time,"High school graduate, diploma or the equivalent (for example: GED)",T2,Election sec.; Simpsons
iPcc0fd2bb8a1e8345,Order4,Democrat (Left-aligned),OP-Borderline,Opposed,Borderline,0,0,Political,24,Female,White/Caucasian,Work full time,"High school graduate, diploma or the equivalent (for example: GED)",T1,Mamdani; Pooh
iPcc0fd2bb8a1e8345,Order4,Democrat (Left-aligned),OP-Civil,Opposed,Civil,1,1,Political,24,Female,White/Caucasian,Work full time,"High school graduate, diploma or the equivalent (for example: GED)",T5,Laptop/Epstein; Spongebob
iPcc0fd2bb8a1e8345,Order4,Democrat (Left-aligned),OP-Uncivil,Opposed,Uncivil,1,1,Political,24,Female,White/Caucasian,Work full time,"High school graduate, diploma or the equivalent (for example: GED)",T3,Gov. shutdown; Farquaad
iPcca162f161aca040,Order6,Republican (Right-aligned),AL-Borderline,Aligned,Borderline,1,1,Political,53,Male,White/Caucasian,Retired,Bachelor's degree,T3,Gov. shutdown; Farquaad
iPcca162f161aca040,Order6,Republican (Right-aligned),AL-Civil,Aligned,Civil,0,0,Political,53,Male,White/Caucasian,Retired,Bachelor's degree,T1,Mamdani; Pooh
iPcca162f161aca040,Order6,Republican (Right-aligned),AL-Uncivil,Aligned,Uncivil,1,1,Political,53,Male,White/Caucasian,Retired,Bachelor's degree,T5,Laptop/Epstein; Spongebob
iPcca162f161aca040,Order6,Republican (Right-aligned),OP-Borderline,Opposed,Borderline,1,2,Political,53,Male,White/Caucasian,Retired,Bachelor's degree,T2,Election sec.; Simpsons
iPcca162f161aca040,Order6,Republican (Right-aligned),OP-Civil,Opposed,Civil,1,1,Political,53,Male,White/Caucasian,Retired,Bachelor's degree,T6,Green energy; Spongebob
iPcca162f161aca040,Order6,Republican (Right-aligned),OP-Uncivil,Opposed,Uncivil,1,3,Political,53,Male,White/Caucasian,Retired,Bachelor's degree,T4,Economy; Simpsons
iPcd62c2917978ccd4,Order1,Democrat (Left-aligned),AL-Borderline,Aligned,Borderline,0,0,Political,35,Male,White/Caucasian,Work full time,Master's degree,T3,Gov. shutdown; Farquaad
iPcd62c2917978ccd4,Order1,Democrat (Left-aligned),AL-Civil,Aligned,Civil,0,0,Political,35,Male,White/Caucasian,Work full time,Master's degree,T1,Mamdani; Pooh
iPcd62c2917978ccd4,Order1,Democrat (Left-aligned),AL-Uncivil,Aligned,Uncivil,1,3,Political,35,Male,White/Caucasian,Work full time,Master's degree,T5,Laptop/Epstein; Spongebob
iPcd62c2917978ccd4,Order1,Democrat (Left-aligned),OP-Borderline,Opposed,Borderline,0,0,Political,35,Male,White/Caucasian,Work full time,Master's degree,T4,Economy; Simpsons
iPcd62c2917978ccd4,Order1,Democrat (Left-aligned),OP-Civil,Opposed,Civil,0,0,Political,35,Male,White/Caucasian,Work full time,Master's degree,T2,Election sec.; Simpsons
iPcd62c2917978ccd4,Order1,Democrat (Left-aligned),OP-Uncivil,Opposed,Uncivil,1,3,Political,35,Male,White/Caucasian,Work full time,Master's degree,T6,Green energy; Spongebob
iPcd97a2c6aff4900c,Order4,Democrat (Left-aligned),AL-Borderline,Aligned,Borderline,1,3,Political,70,Female,White/Caucasian,Retired,Bachelor's degree,T6,Green energy; Spongebob
iPcd97a2c6aff4900c,Order4,Democrat (Left-aligned),AL-Civil,Aligned,Civil,0,0,Political,70,Female,White/Caucasian,Retired,Bachelor's degree,T4,Economy; Simpsons
iPcd97a2c6aff4900c,Order4,Democrat (Left-aligned),AL-Uncivil,Aligned,Uncivil,1,3,Political,70,Female,White/Caucasian,Retired,Bachelor's degree,T2,Election sec.; Simpsons
iPcd97a2c6aff4900c,Order4,Democrat (Left-aligned),OP-Borderline,Opposed,Borderline,1,2,Political,70,Female,White/Caucasian,Retired,Bachelor's degree,T1,Mamdani; Pooh
iPcd97a2c6aff4900c,Order4,Democrat (Left-aligned),OP-Civil,Opposed,Civil,1,1,Political,70,Female,White/Caucasian,Retired,Bachelor's degree,T5,Laptop/Epstein; Spongebob
iPcd97a2c6aff4900c,Order4,Democrat (Left-aligned),OP-Uncivil,Opposed,Uncivil,1,3,Political,70,Female,White/Caucasian,Retired,Bachelor's degree,T3,Gov. shutdown; Farquaad
iPcda4dc6baf37aa45,Order4,Democrat (Left-aligned),AL-Borderline,Aligned,Borderline,1,2,Political,47,Male,White/Caucasian,Retired,"Some college credit, no degree",T6,Green energy; Spongebob
iPcda4dc6baf37aa45,Order4,Democrat (Left-aligned),AL-Civil,Aligned,Civil,1,2,Political,47,Male,White/Caucasian,Retired,"Some college credit, no degree",T4,Economy; Simpsons
iPcda4dc6baf37aa45,Order4,Democrat (Left-aligned),AL-Uncivil,Aligned,Uncivil,1,4,Political,47,Male,White/Caucasian,Retired,"Some college credit, no degree",T2,Election sec.; Simpsons
iPcda4dc6baf37aa45,Order4,Democrat (Left-aligned),OP-Borderline,Opposed,Borderline,1,4,Political,47,Male,White/Caucasian,Retired,"Some college credit, no degree",T1,Mamdani; Pooh
iPcda4dc6baf37aa45,Order4,Democrat (Left-aligned),OP-Civil,Opposed,Civil,1,4,Political,47,Male,White/Caucasian,Retired,"Some college credit, no degree",T5,Laptop/Epstein; Spongebob
iPcda4dc6baf37aa45,Order4,Democrat (Left-aligned),OP-Uncivil,Opposed,Uncivil,1,4,Political,47,Male,White/Caucasian,Retired,"Some college credit, no degree",T3,Gov. shutdown; Farquaad
iPcdc00ae66061e10d,Order4,Republican (Right-aligned),AL-Borderline,Aligned,Borderline,1,4,Political,55,Female,White/Caucasian,Homemaker,"High school graduate, diploma or the equivalent (for example: GED)",T1,Mamdani; Pooh
iPcdc00ae66061e10d,Order4,Republican (Right-aligned),AL-Civil,Aligned,Civil,1,4,Political,55,Female,White/Caucasian,Homemaker,"High school graduate, diploma or the equivalent (for example: GED)",T5,Laptop/Epstein; Spongebob
iPcdc00ae66061e10d,Order4,Republican (Right-aligned),AL-Uncivil,Aligned,Uncivil,1,4,Political,55,Female,White/Caucasian,Homemaker,"High school graduate, diploma or the equivalent (for example: GED)",T3,Gov. shutdown; Farquaad
iPcdc00ae66061e10d,Order4,Republican (Right-aligned),OP-Borderline,Opposed,Borderline,1,4,Political,55,Female,White/Caucasian,Homemaker,"High school graduate, diploma or the equivalent (for example: GED)",T6,Green energy; Spongebob
iPcdc00ae66061e10d,Order4,Republican (Right-aligned),OP-Civil,Opposed,Civil,1,4,Political,55,Female,White/Caucasian,Homemaker,"High school graduate, diploma or the equivalent (for example: GED)",T4,Economy; Simpsons
iPcdc00ae66061e10d,Order4,Republican (Right-aligned),OP-Uncivil,Opposed,Uncivil,1,4,Political,55,Female,White/Caucasian,Homemaker,"High school graduate, diploma or the equivalent (for example: GED)",T2,Election sec.; Simpsons
iPce5b4a70a05111a5,Order6,Democrat (Left-aligned),AL-Borderline,Aligned,Borderline,1,2,Political,78,Female,White/Caucasian,Retired,Bachelor's degree,T2,Election sec.; Simpsons
iPce5b4a70a05111a5,Order6,Democrat (Left-aligned),AL-Civil,Aligned,Civil,1,4,Political,78,Female,White/Caucasian,Retired,Bachelor's degree,T6,Green energy; Spongebob
iPce5b4a70a05111a5,Order6,Democrat (Left-aligned),AL-Uncivil,Aligned,Uncivil,1,4,Political,78,Female,White/Caucasian,Retired,Bachelor's degree,T4,Economy; Simpsons
iPce5b4a70a05111a5,Order6,Democrat (Left-aligned),OP-Borderline,Opposed,Borderline,1,4,Political,78,Female,White/Caucasian,Retired,Bachelor's degree,T3,Gov. shutdown; Farquaad
iPce5b4a70a05111a5,Order6,Democrat (Left-aligned),OP-Civil,Opposed,Civil,1,4,Political,78,Female,White/Caucasian,Retired,Bachelor's degree,T1,Mamdani; Pooh
iPce5b4a70a05111a5,Order6,Democrat (Left-aligned),OP-Uncivil,Opposed,Uncivil,1,4,Political,78,Female,White/Caucasian,Retired,Bachelor's degree,T5,Laptop/Epstein; Spongebob
iPce840b219e7e12c4,Order4,Democrat (Left-aligned),AL-Borderline,Aligned,Borderline,0,0,Political,74,Female,Other race or ethnicity,Retired,Master's degree,T6,Green energy; Spongebob
iPce840b219e7e12c4,Order4,Democrat (Left-aligned),AL-Civil,Aligned,Civil,0,0,Political,74,Female,Other race or ethnicity,Retired,Master's degree,T4,Economy; Simpsons
iPce840b219e7e12c4,Order4,Democrat (Left-aligned),AL-Uncivil,Aligned,Uncivil,1,2,Political,74,Female,Other race or ethnicity,Retired,Master's degree,T2,Election sec.; Simpsons
iPce840b219e7e12c4,Order4,Democrat (Left-aligned),OP-Borderline,Opposed,Borderline,1,3,Political,74,Female,Other race or ethnicity,Retired,Master's degree,T1,Mamdani; Pooh
iPce840b219e7e12c4,Order4,Democrat (Left-aligned),OP-Civil,Opposed,Civil,1,4,Political,74,Female,Other race or ethnicity,Retired,Master's degree,T5,Laptop/Epstein; Spongebob
iPce840b219e7e12c4,Order4,Democrat (Left-aligned),OP-Uncivil,Opposed,Uncivil,1,3,Political,74,Female,Other race or ethnicity,Retired,Master's degree,T3,Gov. shutdown; Farquaad
iPd04b94e6705a0ff5,Order4,Democrat (Left-aligned),AL-Borderline,Aligned,Borderline,1,1,Political,43,Male,Black/African American,Work full time,"Some college credit, no degree",T6,Green energy; Spongebob
iPd04b94e6705a0ff5,Order4,Democrat (Left-aligned),AL-Civil,Aligned,Civil,1,1,Political,43,Male,Black/African American,Work full time,"Some college credit, no degree",T4,Economy; Simpsons
iPd04b94e6705a0ff5,Order4,Democrat (Left-aligned),AL-Uncivil,Aligned,Uncivil,1,1,Political,43,Male,Black/African American,Work full time,"Some college credit, no degree",T2,Election sec.; Simpsons
iPd04b94e6705a0ff5,Order4,Democrat (Left-aligned),OP-Borderline,Opposed,Borderline,1,3,Political,43,Male,Black/African American,Work full time,"Some college credit, no degree",T1,Mamdani; Pooh
iPd04b94e6705a0ff5,Order4,Democrat (Left-aligned),OP-Civil,Opposed,Civil,1,2,Political,43,Male,Black/African American,Work full time,"Some college credit, no degree",T5,Laptop/Epstein; Spongebob
iPd04b94e6705a0ff5,Order4,Democrat (Left-aligned),OP-Uncivil,Opposed,Uncivil,1,2,Political,43,Male,Black/African American,Work full time,"Some college credit, no degree",T3,Gov. shutdown; Farquaad
iPd054c8164660403c,Order1,Democrat (Left-aligned),AL-Borderline,Aligned,Borderline,0,0,Political,39,Female,Asian,Work part time,Master's degree,T3,Gov. shutdown; Farquaad
iPd054c8164660403c,Order1,Democrat (Left-aligned),AL-Civil,Aligned,Civil,1,2,Political,39,Female,Asian,Work part time,Master's degree,T1,Mamdani; Pooh
iPd054c8164660403c,Order1,Democrat (Left-aligned),AL-Uncivil,Aligned,Uncivil,1,3,Political,39,Female,Asian,Work part time,Master's degree,T5,Laptop/Epstein; Spongebob
iPd054c8164660403c,Order1,Democrat (Left-aligned),OP-Borderline,Opposed,Borderline,1,1,Political,39,Female,Asian,Work part time,Master's degree,T4,Economy; Simpsons
iPd054c8164660403c,Order1,Democrat (Left-aligned),OP-Civil,Opposed,Civil,1,2,Political,39,Female,Asian,Work part time,Master's degree,T2,Election sec.; Simpsons
iPd054c8164660403c,Order1,Democrat (Left-aligned),OP-Uncivil,Opposed,Uncivil,1,3,Political,39,Female,Asian,Work part time,Master's degree,T6,Green energy; Spongebob
iPd0bdccf1b955b578,Order3,Democrat (Left-aligned),AL-Borderline,Aligned,Borderline,1,1,Political,33,Female,Asian,Work full time,Bachelor's degree,T5,Laptop/Epstein; Spongebob
iPd0bdccf1b955b578,Order3,Democrat (Left-aligned),AL-Civil,Aligned,Civil,1,3,Political,33,Female,Asian,Work full time,Bachelor's degree,T3,Gov. shutdown; Farquaad
iPd0bdccf1b955b578,Order3,Democrat (Left-aligned),AL-Uncivil,Aligned,Uncivil,1,4,Political,33,Female,Asian,Work full time,Bachelor's degree,T1,Mamdani; Pooh
iPd0bdccf1b955b578,Order3,Democrat (Left-aligned),OP-Borderline,Opposed,Borderline,1,1,Political,33,Female,Asian,Work full time,Bachelor's degree,T6,Green energy; Spongebob
iPd0bdccf1b955b578,Order3,Democrat (Left-aligned),OP-Civil,Opposed,Civil,1,3,Political,33,Female,Asian,Work full time,Bachelor's degree,T4,Economy; Simpsons
iPd0bdccf1b955b578,Order3,Democrat (Left-aligned),OP-Uncivil,Opposed,Uncivil,1,4,Political,33,Female,Asian,Work full time,Bachelor's degree,T2,Election sec.; Simpsons
iPd14b5a63dc2fb185,Order3,Democrat (Left-aligned),AL-Borderline,Aligned,Borderline,1,4,Political,36,Female,Asian,Homemaker,Associate degree,T5,Laptop/Epstein; Spongebob
iPd14b5a63dc2fb185,Order3,Democrat (Left-aligned),AL-Civil,Aligned,Civil,1,2,Political,36,Female,Asian,Homemaker,Associate degree,T3,Gov. shutdown; Farquaad
iPd14b5a63dc2fb185,Order3,Democrat (Left-aligned),AL-Uncivil,Aligned,Uncivil,1,1,Political,36,Female,Asian,Homemaker,Associate degree,T1,Mamdani; Pooh
iPd14b5a63dc2fb185,Order3,Democrat (Left-aligned),OP-Borderline,Opposed,Borderline,1,1,Political,36,Female,Asian,Homemaker,Associate degree,T6,Green energy; Spongebob
iPd14b5a63dc2fb185,Order3,Democrat (Left-aligned),OP-Civil,Opposed,Civil,1,2,Political,36,Female,Asian,Homemaker,Associate degree,T4,Economy; Simpsons
iPd14b5a63dc2fb185,Order3,Democrat (Left-aligned),OP-Uncivil,Opposed,Uncivil,1,4,Political,36,Female,Asian,Homemaker,Associate degree,T2,Election sec.; Simpsons
iPd2224d4e1396c28c,Order1,Republican (Right-aligned),AL-Borderline,Aligned,Borderline,1,2,Political,25,Male,Other race or ethnicity,Work full time,Bachelor's degree,T4,Economy; Simpsons
iPd2224d4e1396c28c,Order1,Republican (Right-aligned),AL-Civil,Aligned,Civil,1,2,Political,25,Male,Other race or ethnicity,Work full time,Bachelor's degree,T2,Election sec.; Simpsons
iPd2224d4e1396c28c,Order1,Republican (Right-aligned),AL-Uncivil,Aligned,Uncivil,1,3,Political,25,Male,Other race or ethnicity,Work full time,Bachelor's degree,T6,Green energy; Spongebob
iPd2224d4e1396c28c,Order1,Republican (Right-aligned),OP-Borderline,Opposed,Borderline,1,2,Political,25,Male,Other race or ethnicity,Work full time,Bachelor's degree,T3,Gov. shutdown; Farquaad
iPd2224d4e1396c28c,Order1,Republican (Right-aligned),OP-Civil,Opposed,Civil,1,1,Political,25,Male,Other race or ethnicity,Work full time,Bachelor's degree,T1,Mamdani; Pooh
iPd2224d4e1396c28c,Order1,Republican (Right-aligned),OP-Uncivil,Opposed,Uncivil,1,3,Political,25,Male,Other race or ethnicity,Work full time,Bachelor's degree,T5,Laptop/Epstein; Spongebob
iPd2379f70d039b2e7,Order5,Democrat (Left-aligned),AL-Borderline,Aligned,Borderline,1,3,Political,28,Female,Black/African American,Work part time,Bachelor's degree,T1,Mamdani; Pooh
iPd2379f70d039b2e7,Order5,Democrat (Left-aligned),AL-Civil,Aligned,Civil,0,0,Political,28,Female,Black/African American,Work part time,Bachelor's degree,T5,Laptop/Epstein; Spongebob
iPd2379f70d039b2e7,Order5,Democrat (Left-aligned),AL-Uncivil,Aligned,Uncivil,1,3,Political,28,Female,Black/African American,Work part time,Bachelor's degree,T3,Gov. shutdown; Farquaad
iPd2379f70d039b2e7,Order5,Democrat (Left-aligned),OP-Borderline,Opposed,Borderline,1,2,Political,28,Female,Black/African American,Work part time,Bachelor's degree,T2,Election sec.; Simpsons
iPd2379f70d039b2e7,Order5,Democrat (Left-aligned),OP-Civil,Opposed,Civil,1,1,Political,28,Female,Black/African American,Work part time,Bachelor's degree,T6,Green energy; Spongebob
iPd2379f70d039b2e7,Order5,Democrat (Left-aligned),OP-Uncivil,Opposed,Uncivil,1,3,Political,28,Female,Black/African American,Work part time,Bachelor's degree,T4,Economy; Simpsons
iPd52152bae6c5be35,Order1,Democrat (Left-aligned),AL-Borderline,Aligned,Borderline,1,2,Political,50,Female,White/Caucasian,Work full time,"Some college credit, no degree",T3,Gov. shutdown; Farquaad
iPd52152bae6c5be35,Order1,Democrat (Left-aligned),AL-Civil,Aligned,Civil,1,2,Political,50,Female,White/Caucasian,Work full time,"Some college credit, no degree",T1,Mamdani; Pooh
iPd52152bae6c5be35,Order1,Democrat (Left-aligned),AL-Uncivil,Aligned,Uncivil,1,3,Political,50,Female,White/Caucasian,Work full time,"Some college credit, no degree",T5,Laptop/Epstein; Spongebob
iPd52152bae6c5be35,Order1,Democrat (Left-aligned),OP-Borderline,Opposed,Borderline,1,2,Political,50,Female,White/Caucasian,Work full time,"Some college credit, no degree",T4,Economy; Simpsons
iPd52152bae6c5be35,Order1,Democrat (Left-aligned),OP-Civil,Opposed,Civil,1,2,Political,50,Female,White/Caucasian,Work full time,"Some college credit, no degree",T2,Election sec.; Simpsons
iPd52152bae6c5be35,Order1,Democrat (Left-aligned),OP-Uncivil,Opposed,Uncivil,1,3,Political,50,Female,White/Caucasian,Work full time,"Some college credit, no degree",T6,Green energy; Spongebob
iPd612da7fd620e194,Order3,Democrat (Left-aligned),AL-Borderline,Aligned,Borderline,0,0,Political,43,Female,White/Caucasian,Work full time,Master's degree,T5,Laptop/Epstein; Spongebob
iPd612da7fd620e194,Order3,Democrat (Left-aligned),AL-Civil,Aligned,Civil,0,0,Political,43,Female,White/Caucasian,Work full time,Master's degree,T3,Gov. shutdown; Farquaad
iPd612da7fd620e194,Order3,Democrat (Left-aligned),AL-Uncivil,Aligned,Uncivil,1,1,Political,43,Female,White/Caucasian,Work full time,Master's degree,T1,Mamdani; Pooh
iPd612da7fd620e194,Order3,Democrat (Left-aligned),OP-Borderline,Opposed,Borderline,0,0,Political,43,Female,White/Caucasian,Work full time,Master's degree,T6,Green energy; Spongebob
iPd612da7fd620e194,Order3,Democrat (Left-aligned),OP-Civil,Opposed,Civil,1,2,Political,43,Female,White/Caucasian,Work full time,Master's degree,T4,Economy; Simpsons
iPd612da7fd620e194,Order3,Democrat (Left-aligned),OP-Uncivil,Opposed,Uncivil,1,3,Political,43,Female,White/Caucasian,Work full time,Master's degree,T2,Election sec.; Simpsons
iPd7513df6c6092d49,Order4,Democrat (Left-aligned),AL-Borderline,Aligned,Borderline,0,0,Political,26,Female,White/Caucasian,Work full time,"Some college credit, no degree",T6,Green energy; Spongebob
iPd7513df6c6092d49,Order4,Democrat (Left-aligned),AL-Civil,Aligned,Civil,0,0,Political,26,Female,White/Caucasian,Work full time,"Some college credit, no degree",T4,Economy; Simpsons
iPd7513df6c6092d49,Order4,Democrat (Left-aligned),AL-Uncivil,Aligned,Uncivil,1,1,Political,26,Female,White/Caucasian,Work full time,"Some college credit, no degree",T2,Election sec.; Simpsons
iPd7513df6c6092d49,Order4,Democrat (Left-aligned),OP-Borderline,Opposed,Borderline,1,1,Political,26,Female,White/Caucasian,Work full time,"Some college credit, no degree",T1,Mamdani; Pooh
iPd7513df6c6092d49,Order4,Democrat (Left-aligned),OP-Civil,Opposed,Civil,1,1,Political,26,Female,White/Caucasian,Work full time,"Some college credit, no degree",T5,Laptop/Epstein; Spongebob
iPd7513df6c6092d49,Order4,Democrat (Left-aligned),OP-Uncivil,Opposed,Uncivil,1,2,Political,26,Female,White/Caucasian,Work full time,"Some college credit, no degree",T3,Gov. shutdown; Farquaad
iPd796e64f28151183,Order5,Republican (Right-aligned),AL-Borderline,Aligned,Borderline,1,1,Political,53,Female,White/Caucasian,Work full time,"High school graduate, diploma or the equivalent (for example: GED)",T2,Election sec.; Simpsons
iPd796e64f28151183,Order5,Republican (Right-aligned),AL-Civil,Aligned,Civil,0,0,Political,53,Female,White/Caucasian,Work full time,"High school graduate, diploma or the equivalent (for example: GED)",T6,Green energy; Spongebob
iPd796e64f28151183,Order5,Republican (Right-aligned),AL-Uncivil,Aligned,Uncivil,1,4,Political,53,Female,White/Caucasian,Work full time,"High school graduate, diploma or the equivalent (for example: GED)",T4,Economy; Simpsons
iPd796e64f28151183,Order5,Republican (Right-aligned),OP-Borderline,Opposed,Borderline,1,2,Political,53,Female,White/Caucasian,Work full time,"High school graduate, diploma or the equivalent (for example: GED)",T1,Mamdani; Pooh
iPd796e64f28151183,Order5,Republican (Right-aligned),OP-Civil,Opposed,Civil,0,0,Political,53,Female,White/Caucasian,Work full time,"High school graduate, diploma or the equivalent (for example: GED)",T5,Laptop/Epstein; Spongebob
iPd796e64f28151183,Order5,Republican (Right-aligned),OP-Uncivil,Opposed,Uncivil,1,4,Political,53,Female,White/Caucasian,Work full time,"High school graduate, diploma or the equivalent (for example: GED)",T3,Gov. shutdown; Farquaad
iPd7c3c30910e18a23,Order5,Republican (Right-aligned),AL-Borderline,Aligned,Borderline,0,0,Political,62,Female,White/Caucasian,Homemaker,"High school graduate, diploma or the equivalent (for example: GED)",T2,Election sec.; Simpsons
iPd7c3c30910e18a23,Order5,Republican (Right-aligned),AL-Civil,Aligned,Civil,0,0,Political,62,Female,White/Caucasian,Homemaker,"High school graduate, diploma or the equivalent (for example: GED)",T6,Green energy; Spongebob
iPd7c3c30910e18a23,Order5,Republican (Right-aligned),AL-Uncivil,Aligned,Uncivil,0,0,Political,62,Female,White/Caucasian,Homemaker,"High school graduate, diploma or the equivalent (for example: GED)",T4,Economy; Simpsons
iPd7c3c30910e18a23,Order5,Republican (Right-aligned),OP-Borderline,Opposed,Borderline,1,4,Political,62,Female,White/Caucasian,Homemaker,"High school graduate, diploma or the equivalent (for example: GED)",T1,Mamdani; Pooh
iPd7c3c30910e18a23,Order5,Republican (Right-aligned),OP-Civil,Opposed,Civil,1,4,Political,62,Female,White/Caucasian,Homemaker,"High school graduate, diploma or the equivalent (for example: GED)",T5,Laptop/Epstein; Spongebob
iPd7c3c30910e18a23,Order5,Republican (Right-aligned),OP-Uncivil,Opposed,Uncivil,1,4,Political,62,Female,White/Caucasian,Homemaker,"High school graduate, diploma or the equivalent (for example: GED)",T3,Gov. shutdown; Farquaad
iPd89982fe956df763,Order1,Republican (Right-aligned),AL-Borderline,Aligned,Borderline,1,1,Political,32,Male,White/Caucasian,Work full time,Bachelor's degree,T4,Economy; Simpsons
iPd89982fe956df763,Order1,Republican (Right-aligned),AL-Civil,Aligned,Civil,0,0,Political,32,Male,White/Caucasian,Work full time,Bachelor's degree,T2,Election sec.; Simpsons
iPd89982fe956df763,Order1,Republican (Right-aligned),AL-Uncivil,Aligned,Uncivil,1,2,Political,32,Male,White/Caucasian,Work full time,Bachelor's degree,T6,Green energy; Spongebob
iPd89982fe956df763,Order1,Republican (Right-aligned),OP-Borderline,Opposed,Borderline,1,2,Political,32,Male,White/Caucasian,Work full time,Bachelor's degree,T3,Gov. shutdown; Farquaad
iPd89982fe956df763,Order1,Republican (Right-aligned),OP-Civil,Opposed,Civil,1,3,Political,32,Male,White/Caucasian,Work full time,Bachelor's degree,T1,Mamdani; Pooh
iPd89982fe956df763,Order1,Republican (Right-aligned),OP-Uncivil,Opposed,Uncivil,1,4,Political,32,Male,White/Caucasian,Work full time,Bachelor's degree,T5,Laptop/Epstein; Spongebob
iPdabd7d0cb9e9a2c5,Order2,Democrat (Left-aligned),AL-Borderline,Aligned,Borderline,0,0,Political,40,Male,Black/African American,Unemployed - not looking for work,Trade/technical/vocational training,T4,Economy; Simpsons
iPdabd7d0cb9e9a2c5,Order2,Democrat (Left-aligned),AL-Civil,Aligned,Civil,0,0,Political,40,Male,Black/African American,Unemployed - not looking for work,Trade/technical/vocational training,T2,Election sec.; Simpsons
iPdabd7d0cb9e9a2c5,Order2,Democrat (Left-aligned),AL-Uncivil,Aligned,Uncivil,1,4,Political,40,Male,Black/African American,Unemployed - not looking for work,Trade/technical/vocational training,T6,Green energy; Spongebob
iPdabd7d0cb9e9a2c5,Order2,Democrat (Left-aligned),OP-Borderline,Opposed,Borderline,0,0,Political,40,Male,Black/African American,Unemployed - not looking for work,Trade/technical/vocational training,T5,Laptop/Epstein; Spongebob
iPdabd7d0cb9e9a2c5,Order2,Democrat (Left-aligned),OP-Civil,Opposed,Civil,1,2,Political,40,Male,Black/African American,Unemployed - not looking for work,Trade/technical/vocational training,T3,Gov. shutdown; Farquaad
iPdabd7d0cb9e9a2c5,Order2,Democrat (Left-aligned),OP-Uncivil,Opposed,Uncivil,1,4,Political,40,Male,Black/African American,Unemployed - not looking for work,Trade/technical/vocational training,T1,Mamdani; Pooh
iPdd654fed8c807d4f,Order2,Republican (Right-aligned),AL-Borderline,Aligned,Borderline,0,0,Political,40,Female,White/Caucasian,Work part time,"Some college credit, no degree",T5,Laptop/Epstein; Spongebob
iPdd654fed8c807d4f,Order2,Republican (Right-aligned),AL-Civil,Aligned,Civil,0,0,Political,40,Female,White/Caucasian,Work part time,"Some college credit, no degree",T3,Gov. shutdown; Farquaad
iPdd654fed8c807d4f,Order2,Republican (Right-aligned),AL-Uncivil,Aligned,Uncivil,1,3,Political,40,Female,White/Caucasian,Work part time,"Some college credit, no degree",T1,Mamdani; Pooh
iPdd654fed8c807d4f,Order2,Republican (Right-aligned),OP-Borderline,Opposed,Borderline,1,1,Political,40,Female,White/Caucasian,Work part time,"Some college credit, no degree",T4,Economy; Simpsons
iPdd654fed8c807d4f,Order2,Republican (Right-aligned),OP-Civil,Opposed,Civil,1,1,Political,40,Female,White/Caucasian,Work part time,"Some college credit, no degree",T2,Election sec.; Simpsons
iPdd654fed8c807d4f,Order2,Republican (Right-aligned),OP-Uncivil,Opposed,Uncivil,1,3,Political,40,Female,White/Caucasian,Work part time,"Some college credit, no degree",T6,Green energy; Spongebob
iPde51d8cb1317f627,Order4,Democrat (Left-aligned),AL-Borderline,Aligned,Borderline,0,0,Political,49,Male,White/Caucasian,Work full time,Bachelor's degree,T6,Green energy; Spongebob
iPde51d8cb1317f627,Order4,Democrat (Left-aligned),AL-Civil,Aligned,Civil,0,0,Political,49,Male,White/Caucasian,Work full time,Bachelor's degree,T4,Economy; Simpsons
iPde51d8cb1317f627,Order4,Democrat (Left-aligned),AL-Uncivil,Aligned,Uncivil,1,2,Political,49,Male,White/Caucasian,Work full time,Bachelor's degree,T2,Election sec.; Simpsons
iPde51d8cb1317f627,Order4,Democrat (Left-aligned),OP-Borderline,Opposed,Borderline,1,1,Political,49,Male,White/Caucasian,Work full time,Bachelor's degree,T1,Mamdani; Pooh
iPde51d8cb1317f627,Order4,Democrat (Left-aligned),OP-Civil,Opposed,Civil,1,2,Political,49,Male,White/Caucasian,Work full time,Bachelor's degree,T5,Laptop/Epstein; Spongebob
iPde51d8cb1317f627,Order4,Democrat (Left-aligned),OP-Uncivil,Opposed,Uncivil,1,2,Political,49,Male,White/Caucasian,Work full time,Bachelor's degree,T3,Gov. shutdown; Farquaad
iPdf4ceb1c02edb186,Order3,Democrat (Left-aligned),AL-Borderline,Aligned,Borderline,0,0,Political,63,Female,White/Caucasian,Unemployed - not looking for work,Less than high school graduate,T5,Laptop/Epstein; Spongebob
iPdf4ceb1c02edb186,Order3,Democrat (Left-aligned),AL-Civil,Aligned,Civil,1,4,Political,63,Female,White/Caucasian,Unemployed - not looking for work,Less than high school graduate,T3,Gov. shutdown; Farquaad
iPdf4ceb1c02edb186,Order3,Democrat (Left-aligned),AL-Uncivil,Aligned,Uncivil,1,1,Political,63,Female,White/Caucasian,Unemployed - not looking for work,Less than high school graduate,T1,Mamdani; Pooh
iPdf4ceb1c02edb186,Order3,Democrat (Left-aligned),OP-Borderline,Opposed,Borderline,1,2,Political,63,Female,White/Caucasian,Unemployed - not looking for work,Less than high school graduate,T6,Green energy; Spongebob
iPdf4ceb1c02edb186,Order3,Democrat (Left-aligned),OP-Civil,Opposed,Civil,1,2,Political,63,Female,White/Caucasian,Unemployed - not looking for work,Less than high school graduate,T4,Economy; Simpsons
iPdf4ceb1c02edb186,Order3,Democrat (Left-aligned),OP-Uncivil,Opposed,Uncivil,1,2,Political,63,Female,White/Caucasian,Unemployed - not looking for work,Less than high school graduate,T2,Election sec.; Simpsons
iPdf4de123c3de6cea,Order4,Republican (Right-aligned),AL-Borderline,Aligned,Borderline,1,1,Political,64,Female,White/Caucasian,Retired,Associate degree,T1,Mamdani; Pooh
iPdf4de123c3de6cea,Order4,Republican (Right-aligned),AL-Civil,Aligned,Civil,1,1,Political,64,Female,White/Caucasian,Retired,Associate degree,T5,Laptop/Epstein; Spongebob
iPdf4de123c3de6cea,Order4,Republican (Right-aligned),AL-Uncivil,Aligned,Uncivil,1,3,Political,64,Female,White/Caucasian,Retired,Associate degree,T3,Gov. shutdown; Farquaad
iPdf4de123c3de6cea,Order4,Republican (Right-aligned),OP-Borderline,Opposed,Borderline,1,2,Political,64,Female,White/Caucasian,Retired,Associate degree,T6,Green energy; Spongebob
iPdf4de123c3de6cea,Order4,Republican (Right-aligned),OP-Civil,Opposed,Civil,1,1,Political,64,Female,White/Caucasian,Retired,Associate degree,T4,Economy; Simpsons
iPdf4de123c3de6cea,Order4,Republican (Right-aligned),OP-Uncivil,Opposed,Uncivil,1,2,Political,64,Female,White/Caucasian,Retired,Associate degree,T2,Election sec.; Simpsons
iPdf7d669835064d7b,Order2,Republican (Right-aligned),AL-Borderline,Aligned,Borderline,1,1,Political,30,Female,Asian,Work full time,Master's degree,T5,Laptop/Epstein; Spongebob
iPdf7d669835064d7b,Order2,Republican (Right-aligned),AL-Civil,Aligned,Civil,1,1,Political,30,Female,Asian,Work full time,Master's degree,T3,Gov. shutdown; Farquaad
iPdf7d669835064d7b,Order2,Republican (Right-aligned),AL-Uncivil,Aligned,Uncivil,1,2,Political,30,Female,Asian,Work full time,Master's degree,T1,Mamdani; Pooh
iPdf7d669835064d7b,Order2,Republican (Right-aligned),OP-Borderline,Opposed,Borderline,0,0,Political,30,Female,Asian,Work full time,Master's degree,T4,Economy; Simpsons
iPdf7d669835064d7b,Order2,Republican (Right-aligned),OP-Civil,Opposed,Civil,0,0,Political,30,Female,Asian,Work full time,Master's degree,T2,Election sec.; Simpsons
iPdf7d669835064d7b,Order2,Republican (Right-aligned),OP-Uncivil,Opposed,Uncivil,1,2,Political,30,Female,Asian,Work full time,Master's degree,T6,Green energy; Spongebob
iPe0046154ffa5858b,Order6,Democrat (Left-aligned),AL-Borderline,Aligned,Borderline,1,1,Political,28,Female,White/Caucasian,Student,Bachelor's degree,T2,Election sec.; Simpsons
iPe0046154ffa5858b,Order6,Democrat (Left-aligned),AL-Civil,Aligned,Civil,1,1,Political,28,Female,White/Caucasian,Student,Bachelor's degree,T6,Green energy; Spongebob
iPe0046154ffa5858b,Order6,Democrat (Left-aligned),AL-Uncivil,Aligned,Uncivil,1,3,Political,28,Female,White/Caucasian,Student,Bachelor's degree,T4,Economy; Simpsons
iPe0046154ffa5858b,Order6,Democrat (Left-aligned),OP-Borderline,Opposed,Borderline,1,1,Political,28,Female,White/Caucasian,Student,Bachelor's degree,T3,Gov. shutdown; Farquaad
iPe0046154ffa5858b,Order6,Democrat (Left-aligned),OP-Civil,Opposed,Civil,1,2,Political,28,Female,White/Caucasian,Student,Bachelor's degree,T1,Mamdani; Pooh
iPe0046154ffa5858b,Order6,Democrat (Left-aligned),OP-Uncivil,Opposed,Uncivil,1,1,Political,28,Female,White/Caucasian,Student,Bachelor's degree,T5,Laptop/Epstein; Spongebob
iPe347d681952176be,Order6,Republican (Right-aligned),AL-Borderline,Aligned,Borderline,1,3,Political,59,Male,White/Caucasian,Work part time,Trade/technical/vocational training,T3,Gov. shutdown; Farquaad
iPe347d681952176be,Order6,Republican (Right-aligned),AL-Civil,Aligned,Civil,1,1,Political,59,Male,White/Caucasian,Work part time,Trade/technical/vocational training,T1,Mamdani; Pooh
iPe347d681952176be,Order6,Republican (Right-aligned),AL-Uncivil,Aligned,Uncivil,1,4,Political,59,Male,White/Caucasian,Work part time,Trade/technical/vocational training,T5,Laptop/Epstein; Spongebob
iPe347d681952176be,Order6,Republican (Right-aligned),OP-Borderline,Opposed,Borderline,0,0,Political,59,Male,White/Caucasian,Work part time,Trade/technical/vocational training,T2,Election sec.; Simpsons
iPe347d681952176be,Order6,Republican (Right-aligned),OP-Civil,Opposed,Civil,0,0,Political,59,Male,White/Caucasian,Work part time,Trade/technical/vocational training,T6,Green energy; Spongebob
iPe347d681952176be,Order6,Republican (Right-aligned),OP-Uncivil,Opposed,Uncivil,1,4,Political,59,Male,White/Caucasian,Work part time,Trade/technical/vocational training,T4,Economy; Simpsons
iPe3553c33753b8502,Order5,Republican (Right-aligned),AL-Borderline,Aligned,Borderline,1,1,Political,73,Male,White/Caucasian,Retired,Associate degree,T2,Election sec.; Simpsons
iPe3553c33753b8502,Order5,Republican (Right-aligned),AL-Civil,Aligned,Civil,0,0,Political,73,Male,White/Caucasian,Retired,Associate degree,T6,Green energy; Spongebob
iPe3553c33753b8502,Order5,Republican (Right-aligned),AL-Uncivil,Aligned,Uncivil,1,2,Political,73,Male,White/Caucasian,Retired,Associate degree,T4,Economy; Simpsons
iPe3553c33753b8502,Order5,Republican (Right-aligned),OP-Borderline,Opposed,Borderline,0,0,Political,73,Male,White/Caucasian,Retired,Associate degree,T1,Mamdani; Pooh
iPe3553c33753b8502,Order5,Republican (Right-aligned),OP-Civil,Opposed,Civil,1,1,Political,73,Male,White/Caucasian,Retired,Associate degree,T5,Laptop/Epstein; Spongebob
iPe3553c33753b8502,Order5,Republican (Right-aligned),OP-Uncivil,Opposed,Uncivil,1,2,Political,73,Male,White/Caucasian,Retired,Associate degree,T3,Gov. shutdown; Farquaad
iPe3c76e5a92dae24a,Order1,Democrat (Left-aligned),AL-Borderline,Aligned,Borderline,1,1,Political,71,Female,White/Caucasian,Retired,Bachelor's degree,T3,Gov. shutdown; Farquaad
iPe3c76e5a92dae24a,Order1,Democrat (Left-aligned),AL-Civil,Aligned,Civil,1,1,Political,71,Female,White/Caucasian,Retired,Bachelor's degree,T1,Mamdani; Pooh
iPe3c76e5a92dae24a,Order1,Democrat (Left-aligned),AL-Uncivil,Aligned,Uncivil,1,4,Political,71,Female,White/Caucasian,Retired,Bachelor's degree,T5,Laptop/Epstein; Spongebob
iPe3c76e5a92dae24a,Order1,Democrat (Left-aligned),OP-Borderline,Opposed,Borderline,1,1,Political,71,Female,White/Caucasian,Retired,Bachelor's degree,T4,Economy; Simpsons
iPe3c76e5a92dae24a,Order1,Democrat (Left-aligned),OP-Civil,Opposed,Civil,1,1,Political,71,Female,White/Caucasian,Retired,Bachelor's degree,T2,Election sec.; Simpsons
iPe3c76e5a92dae24a,Order1,Democrat (Left-aligned),OP-Uncivil,Opposed,Uncivil,1,4,Political,71,Female,White/Caucasian,Retired,Bachelor's degree,T6,Green energy; Spongebob
iPe55519cc9d3ccc32,Order3,Democrat (Left-aligned),AL-Borderline,Aligned,Borderline,0,0,Political,41,Female,White/Caucasian,Work full time,Master's degree,T5,Laptop/Epstein; Spongebob
iPe55519cc9d3ccc32,Order3,Democrat (Left-aligned),AL-Civil,Aligned,Civil,0,0,Political,41,Female,White/Caucasian,Work full time,Master's degree,T3,Gov. shutdown; Farquaad
iPe55519cc9d3ccc32,Order3,Democrat (Left-aligned),AL-Uncivil,Aligned,Uncivil,1,2,Political,41,Female,White/Caucasian,Work full time,Master's degree,T1,Mamdani; Pooh
iPe55519cc9d3ccc32,Order3,Democrat (Left-aligned),OP-Borderline,Opposed,Borderline,0,0,Political,41,Female,White/Caucasian,Work full time,Master's degree,T6,Green energy; Spongebob
iPe55519cc9d3ccc32,Order3,Democrat (Left-aligned),OP-Civil,Opposed,Civil,0,0,Political,41,Female,White/Caucasian,Work full time,Master's degree,T4,Economy; Simpsons
iPe55519cc9d3ccc32,Order3,Democrat (Left-aligned),OP-Uncivil,Opposed,Uncivil,1,2,Political,41,Female,White/Caucasian,Work full time,Master's degree,T2,Election sec.; Simpsons
iPe56eeca44ae08513,Order1,Republican (Right-aligned),AL-Borderline,Aligned,Borderline,1,3,Political,29,Male,White/Caucasian,Work full time,Associate degree,T4,Economy; Simpsons
iPe56eeca44ae08513,Order1,Republican (Right-aligned),AL-Civil,Aligned,Civil,1,1,Political,29,Male,White/Caucasian,Work full time,Associate degree,T2,Election sec.; Simpsons
iPe56eeca44ae08513,Order1,Republican (Right-aligned),AL-Uncivil,Aligned,Uncivil,1,4,Political,29,Male,White/Caucasian,Work full time,Associate degree,T6,Green energy; Spongebob
iPe56eeca44ae08513,Order1,Republican (Right-aligned),OP-Borderline,Opposed,Borderline,1,4,Political,29,Male,White/Caucasian,Work full time,Associate degree,T3,Gov. shutdown; Farquaad
iPe56eeca44ae08513,Order1,Republican (Right-aligned),OP-Civil,Opposed,Civil,1,3,Political,29,Male,White/Caucasian,Work full time,Associate degree,T1,Mamdani; Pooh
iPe56eeca44ae08513,Order1,Republican (Right-aligned),OP-Uncivil,Opposed,Uncivil,1,4,Political,29,Male,White/Caucasian,Work full time,Associate degree,T5,Laptop/Epstein; Spongebob
iPe82637ab10fea413,Order6,Democrat (Left-aligned),AL-Borderline,Aligned,Borderline,1,1,Political,18,Female,White/Caucasian,Student,"Some college credit, no degree",T2,Election sec.; Simpsons
iPe82637ab10fea413,Order6,Democrat (Left-aligned),AL-Civil,Aligned,Civil,1,1,Political,18,Female,White/Caucasian,Student,"Some college credit, no degree",T6,Green energy; Spongebob
iPe82637ab10fea413,Order6,Democrat (Left-aligned),AL-Uncivil,Aligned,Uncivil,1,3,Political,18,Female,White/Caucasian,Student,"Some college credit, no degree",T4,Economy; Simpsons
iPe82637ab10fea413,Order6,Democrat (Left-aligned),OP-Borderline,Opposed,Borderline,1,2,Political,18,Female,White/Caucasian,Student,"Some college credit, no degree",T3,Gov. shutdown; Farquaad
iPe82637ab10fea413,Order6,Democrat (Left-aligned),OP-Civil,Opposed,Civil,1,1,Political,18,Female,White/Caucasian,Student,"Some college credit, no degree",T1,Mamdani; Pooh
iPe82637ab10fea413,Order6,Democrat (Left-aligned),OP-Uncivil,Opposed,Uncivil,1,3,Political,18,Female,White/Caucasian,Student,"Some college credit, no degree",T5,Laptop/Epstein; Spongebob
iPe8ccd7abef7d25f9,Order2,Republican (Right-aligned),AL-Borderline,Aligned,Borderline,1,3,Political,69,Female,White/Caucasian,Work full time,"High school graduate, diploma or the equivalent (for example: GED)",T5,Laptop/Epstein; Spongebob
iPe8ccd7abef7d25f9,Order2,Republican (Right-aligned),AL-Civil,Aligned,Civil,1,3,Political,69,Female,White/Caucasian,Work full time,"High school graduate, diploma or the equivalent (for example: GED)",T3,Gov. shutdown; Farquaad
iPe8ccd7abef7d25f9,Order2,Republican (Right-aligned),AL-Uncivil,Aligned,Uncivil,1,2,Political,69,Female,White/Caucasian,Work full time,"High school graduate, diploma or the equivalent (for example: GED)",T1,Mamdani; Pooh
iPe8ccd7abef7d25f9,Order2,Republican (Right-aligned),OP-Borderline,Opposed,Borderline,1,3,Political,69,Female,White/Caucasian,Work full time,"High school graduate, diploma or the equivalent (for example: GED)",T4,Economy; Simpsons
iPe8ccd7abef7d25f9,Order2,Republican (Right-aligned),OP-Civil,Opposed,Civil,1,2,Political,69,Female,White/Caucasian,Work full time,"High school graduate, diploma or the equivalent (for example: GED)",T2,Election sec.; Simpsons
iPe8ccd7abef7d25f9,Order2,Republican (Right-aligned),OP-Uncivil,Opposed,Uncivil,1,3,Political,69,Female,White/Caucasian,Work full time,"High school graduate, diploma or the equivalent (for example: GED)",T6,Green energy; Spongebob
iPe8d9f8534f10d372,Order6,Democrat (Left-aligned),AL-Borderline,Aligned,Borderline,0,0,Political,44,Male,Other race or ethnicity,Work full time,"High school graduate, diploma or the equivalent (for example: GED)",T2,Election sec.; Simpsons
iPe8d9f8534f10d372,Order6,Democrat (Left-aligned),AL-Civil,Aligned,Civil,0,0,Political,44,Male,Other race or ethnicity,Work full time,"High school graduate, diploma or the equivalent (for example: GED)",T6,Green energy; Spongebob
iPe8d9f8534f10d372,Order6,Democrat (Left-aligned),AL-Uncivil,Aligned,Uncivil,1,2,Political,44,Male,Other race or ethnicity,Work full time,"High school graduate, diploma or the equivalent (for example: GED)",T4,Economy; Simpsons
iPe8d9f8534f10d372,Order6,Democrat (Left-aligned),OP-Borderline,Opposed,Borderline,0,0,Political,44,Male,Other race or ethnicity,Work full time,"High school graduate, diploma or the equivalent (for example: GED)",T3,Gov. shutdown; Farquaad
iPe8d9f8534f10d372,Order6,Democrat (Left-aligned),OP-Civil,Opposed,Civil,1,2,Political,44,Male,Other race or ethnicity,Work full time,"High school graduate, diploma or the equivalent (for example: GED)",T1,Mamdani; Pooh
iPe8d9f8534f10d372,Order6,Democrat (Left-aligned),OP-Uncivil,Opposed,Uncivil,1,2,Political,44,Male,Other race or ethnicity,Work full time,"High school graduate, diploma or the equivalent (for example: GED)",T5,Laptop/Epstein; Spongebob
iPea0dbbc6d8a2c4ed,Order6,Democrat (Left-aligned),AL-Borderline,Aligned,Borderline,0,0,Political,21,Female,White/Caucasian,Student,"Some college credit, no degree",T2,Election sec.; Simpsons
iPea0dbbc6d8a2c4ed,Order6,Democrat (Left-aligned),AL-Civil,Aligned,Civil,0,0,Political,21,Female,White/Caucasian,Student,"Some college credit, no degree",T6,Green energy; Spongebob
iPea0dbbc6d8a2c4ed,Order6,Democrat (Left-aligned),AL-Uncivil,Aligned,Uncivil,0,0,Political,21,Female,White/Caucasian,Student,"Some college credit, no degree",T4,Economy; Simpsons
iPea0dbbc6d8a2c4ed,Order6,Democrat (Left-aligned),OP-Borderline,Opposed,Borderline,0,0,Political,21,Female,White/Caucasian,Student,"Some college credit, no degree",T3,Gov. shutdown; Farquaad
iPea0dbbc6d8a2c4ed,Order6,Democrat (Left-aligned),OP-Civil,Opposed,Civil,0,0,Political,21,Female,White/Caucasian,Student,"Some college credit, no degree",T1,Mamdani; Pooh
iPea0dbbc6d8a2c4ed,Order6,Democrat (Left-aligned),OP-Uncivil,Opposed,Uncivil,0,0,Political,21,Female,White/Caucasian,Student,"Some college credit, no degree",T5,Laptop/Epstein; Spongebob
iPea8fe2a2c39f2aa9,Order6,Democrat (Left-aligned),AL-Borderline,Aligned,Borderline,0,0,Political,24,Male,White/Caucasian,Unemployed - looking for work,"Some college credit, no degree",T2,Election sec.; Simpsons
iPea8fe2a2c39f2aa9,Order6,Democrat (Left-aligned),AL-Civil,Aligned,Civil,0,0,Political,24,Male,White/Caucasian,Unemployed - looking for work,"Some college credit, no degree",T6,Green energy; Spongebob
iPea8fe2a2c39f2aa9,Order6,Democrat (Left-aligned),AL-Uncivil,Aligned,Uncivil,1,2,Political,24,Male,White/Caucasian,Unemployed - looking for work,"Some college credit, no degree",T4,Economy; Simpsons
iPea8fe2a2c39f2aa9,Order6,Democrat (Left-aligned),OP-Borderline,Opposed,Borderline,1,2,Political,24,Male,White/Caucasian,Unemployed - looking for work,"Some college credit, no degree",T3,Gov. shutdown; Farquaad
iPea8fe2a2c39f2aa9,Order6,Democrat (Left-aligned),OP-Civil,Opposed,Civil,1,2,Political,24,Male,White/Caucasian,Unemployed - looking for work,"Some college credit, no degree",T1,Mamdani; Pooh
iPea8fe2a2c39f2aa9,Order6,Democrat (Left-aligned),OP-Uncivil,Opposed,Uncivil,1,3,Political,24,Male,White/Caucasian,Unemployed - looking for work,"Some college credit, no degree",T5,Laptop/Epstein; Spongebob
iPecd5e7b33927e0ef,Order3,Democrat (Left-aligned),AL-Borderline,Aligned,Borderline,1,1,Political,21,Female,White/Caucasian,Student,"Some college credit, no degree",T5,Laptop/Epstein; Spongebob
iPecd5e7b33927e0ef,Order3,Democrat (Left-aligned),AL-Civil,Aligned,Civil,1,1,Political,21,Female,White/Caucasian,Student,"Some college credit, no degree",T3,Gov. shutdown; Farquaad
iPecd5e7b33927e0ef,Order3,Democrat (Left-aligned),AL-Uncivil,Aligned,Uncivil,1,2,Political,21,Female,White/Caucasian,Student,"Some college credit, no degree",T1,Mamdani; Pooh
iPecd5e7b33927e0ef,Order3,Democrat (Left-aligned),OP-Borderline,Opposed,Borderline,0,0,Political,21,Female,White/Caucasian,Student,"Some college credit, no degree",T6,Green energy; Spongebob
iPecd5e7b33927e0ef,Order3,Democrat (Left-aligned),OP-Civil,Opposed,Civil,1,1,Political,21,Female,White/Caucasian,Student,"Some college credit, no degree",T4,Economy; Simpsons
iPecd5e7b33927e0ef,Order3,Democrat (Left-aligned),OP-Uncivil,Opposed,Uncivil,1,4,Political,21,Female,White/Caucasian,Student,"Some college credit, no degree",T2,Election sec.; Simpsons
iPed2f0437165a01a8,Order1,Republican (Right-aligned),AL-Borderline,Aligned,Borderline,1,1,Political,81,Male,White/Caucasian,Retired,"High school graduate, diploma or the equivalent (for example: GED)",T4,Economy; Simpsons
iPed2f0437165a01a8,Order1,Republican (Right-aligned),AL-Civil,Aligned,Civil,1,1,Political,81,Male,White/Caucasian,Retired,"High school graduate, diploma or the equivalent (for example: GED)",T2,Election sec.; Simpsons
iPed2f0437165a01a8,Order1,Republican (Right-aligned),AL-Uncivil,Aligned,Uncivil,1,3,Political,81,Male,White/Caucasian,Retired,"High school graduate, diploma or the equivalent (for example: GED)",T6,Green energy; Spongebob
iPed2f0437165a01a8,Order1,Republican (Right-aligned),OP-Borderline,Opposed,Borderline,1,1,Political,81,Male,White/Caucasian,Retired,"High school graduate, diploma or the equivalent (for example: GED)",T3,Gov. shutdown; Farquaad
iPed2f0437165a01a8,Order1,Republican (Right-aligned),OP-Civil,Opposed,Civil,1,1,Political,81,Male,White/Caucasian,Retired,"High school graduate, diploma or the equivalent (for example: GED)",T1,Mamdani; Pooh
iPed2f0437165a01a8,Order1,Republican (Right-aligned),OP-Uncivil,Opposed,Uncivil,1,4,Political,81,Male,White/Caucasian,Retired,"High school graduate, diploma or the equivalent (for example: GED)",T5,Laptop/Epstein; Spongebob
iPee278eb3cb0ce861,Order3,Republican (Right-aligned),AL-Borderline,Aligned,Borderline,0,0,Political,48,Female,White/Caucasian,Work full time,Master's degree,T6,Green energy; Spongebob
iPee278eb3cb0ce861,Order3,Republican (Right-aligned),AL-Civil,Aligned,Civil,1,1,Political,48,Female,White/Caucasian,Work full time,Master's degree,T4,Economy; Simpsons
iPee278eb3cb0ce861,Order3,Republican (Right-aligned),AL-Uncivil,Aligned,Uncivil,1,1,Political,48,Female,White/Caucasian,Work full time,Master's degree,T2,Election sec.; Simpsons
iPee278eb3cb0ce861,Order3,Republican (Right-aligned),OP-Borderline,Opposed,Borderline,1,1,Political,48,Female,White/Caucasian,Work full time,Master's degree,T5,Laptop/Epstein; Spongebob
iPee278eb3cb0ce861,Order3,Republican (Right-aligned),OP-Civil,Opposed,Civil,0,0,Political,48,Female,White/Caucasian,Work full time,Master's degree,T3,Gov. shutdown; Farquaad
iPee278eb3cb0ce861,Order3,Republican (Right-aligned),OP-Uncivil,Opposed,Uncivil,1,2,Political,48,Female,White/Caucasian,Work full time,Master's degree,T1,Mamdani; Pooh
iPefa3aa6f668e86b3,Order1,Democrat (Left-aligned),AL-Borderline,Aligned,Borderline,0,0,Political,60,Female,White/Caucasian,Retired,Bachelor's degree,T3,Gov. shutdown; Farquaad
iPefa3aa6f668e86b3,Order1,Democrat (Left-aligned),AL-Civil,Aligned,Civil,0,0,Political,60,Female,White/Caucasian,Retired,Bachelor's degree,T1,Mamdani; Pooh
iPefa3aa6f668e86b3,Order1,Democrat (Left-aligned),AL-Uncivil,Aligned,Uncivil,1,2,Political,60,Female,White/Caucasian,Retired,Bachelor's degree,T5,Laptop/Epstein; Spongebob
iPefa3aa6f668e86b3,Order1,Democrat (Left-aligned),OP-Borderline,Opposed,Borderline,0,0,Political,60,Female,White/Caucasian,Retired,Bachelor's degree,T4,Economy; Simpsons
iPefa3aa6f668e86b3,Order1,Democrat (Left-aligned),OP-Civil,Opposed,Civil,0,0,Political,60,Female,White/Caucasian,Retired,Bachelor's degree,T2,Election sec.; Simpsons
iPefa3aa6f668e86b3,Order1,Democrat (Left-aligned),OP-Uncivil,Opposed,Uncivil,1,2,Political,60,Female,White/Caucasian,Retired,Bachelor's degree,T6,Green energy; Spongebob
iPf012aa3990592523,Order5,Democrat (Left-aligned),AL-Borderline,Aligned,Borderline,0,0,Political,42,Female,Prefer not to answer,Unemployed - not looking for work,"High school graduate, diploma or the equivalent (for example: GED)",T1,Mamdani; Pooh
iPf012aa3990592523,Order5,Democrat (Left-aligned),AL-Civil,Aligned,Civil,0,0,Political,42,Female,Prefer not to answer,Unemployed - not looking for work,"High school graduate, diploma or the equivalent (for example: GED)",T5,Laptop/Epstein; Spongebob
iPf012aa3990592523,Order5,Democrat (Left-aligned),AL-Uncivil,Aligned,Uncivil,1,4,Political,42,Female,Prefer not to answer,Unemployed - not looking for work,"High school graduate, diploma or the equivalent (for example: GED)",T3,Gov. shutdown; Farquaad
iPf012aa3990592523,Order5,Democrat (Left-aligned),OP-Borderline,Opposed,Borderline,1,1,Political,42,Female,Prefer not to answer,Unemployed - not looking for work,"High school graduate, diploma or the equivalent (for example: GED)",T2,Election sec.; Simpsons
iPf012aa3990592523,Order5,Democrat (Left-aligned),OP-Civil,Opposed,Civil,0,0,Political,42,Female,Prefer not to answer,Unemployed - not looking for work,"High school graduate, diploma or the equivalent (for example: GED)",T6,Green energy; Spongebob
iPf012aa3990592523,Order5,Democrat (Left-aligned),OP-Uncivil,Opposed,Uncivil,1,4,Political,42,Female,Prefer not to answer,Unemployed - not looking for work,"High school graduate, diploma or the equivalent (for example: GED)",T4,Economy; Simpsons
iPf10a1084eae83746,Order6,Democrat (Left-aligned),AL-Borderline,Aligned,Borderline,1,2,Political,28,Female,White/Caucasian,Work full time,Bachelor's degree,T2,Election sec.; Simpsons
iPf10a1084eae83746,Order6,Democrat (Left-aligned),AL-Civil,Aligned,Civil,1,1,Political,28,Female,White/Caucasian,Work full time,Bachelor's degree,T6,Green energy; Spongebob
iPf10a1084eae83746,Order6,Democrat (Left-aligned),AL-Uncivil,Aligned,Uncivil,1,3,Political,28,Female,White/Caucasian,Work full time,Bachelor's degree,T4,Economy; Simpsons
iPf10a1084eae83746,Order6,Democrat (Left-aligned),OP-Borderline,Opposed,Borderline,1,2,Political,28,Female,White/Caucasian,Work full time,Bachelor's degree,T3,Gov. shutdown; Farquaad
iPf10a1084eae83746,Order6,Democrat (Left-aligned),OP-Civil,Opposed,Civil,1,2,Political,28,Female,White/Caucasian,Work full time,Bachelor's degree,T1,Mamdani; Pooh
iPf10a1084eae83746,Order6,Democrat (Left-aligned),OP-Uncivil,Opposed,Uncivil,1,3,Political,28,Female,White/Caucasian,Work full time,Bachelor's degree,T5,Laptop/Epstein; Spongebob
iPf1ca3e66271ca499,Order5,Republican (Right-aligned),AL-Borderline,Aligned,Borderline,0,0,Political,30,Male,White/Caucasian,Work full time,Bachelor's degree,T2,Election sec.; Simpsons
iPf1ca3e66271ca499,Order5,Republican (Right-aligned),AL-Civil,Aligned,Civil,0,0,Political,30,Male,White/Caucasian,Work full time,Bachelor's degree,T6,Green energy; Spongebob
iPf1ca3e66271ca499,Order5,Republican (Right-aligned),AL-Uncivil,Aligned,Uncivil,1,1,Political,30,Male,White/Caucasian,Work full time,Bachelor's degree,T4,Economy; Simpsons
iPf1ca3e66271ca499,Order5,Republican (Right-aligned),OP-Borderline,Opposed,Borderline,1,2,Political,30,Male,White/Caucasian,Work full time,Bachelor's degree,T1,Mamdani; Pooh
iPf1ca3e66271ca499,Order5,Republican (Right-aligned),OP-Civil,Opposed,Civil,0,0,Political,30,Male,White/Caucasian,Work full time,Bachelor's degree,T5,Laptop/Epstein; Spongebob
iPf1ca3e66271ca499,Order5,Republican (Right-aligned),OP-Uncivil,Opposed,Uncivil,1,1,Political,30,Male,White/Caucasian,Work full time,Bachelor's degree,T3,Gov. shutdown; Farquaad
iPf3844825cd972345,Order6,Democrat (Left-aligned),AL-Borderline,Aligned,Borderline,1,1,Political,45,Female,Black/African American,Homemaker,Associate degree,T2,Election sec.; Simpsons
iPf3844825cd972345,Order6,Democrat (Left-aligned),AL-Civil,Aligned,Civil,0,0,Political,45,Female,Black/African American,Homemaker,Associate degree,T6,Green energy; Spongebob
iPf3844825cd972345,Order6,Democrat (Left-aligned),AL-Uncivil,Aligned,Uncivil,1,4,Political,45,Female,Black/African American,Homemaker,Associate degree,T4,Economy; Simpsons
iPf3844825cd972345,Order6,Democrat (Left-aligned),OP-Borderline,Opposed,Borderline,1,4,Political,45,Female,Black/African American,Homemaker,Associate degree,T3,Gov. shutdown; Farquaad
iPf3844825cd972345,Order6,Democrat (Left-aligned),OP-Civil,Opposed,Civil,1,4,Political,45,Female,Black/African American,Homemaker,Associate degree,T1,Mamdani; Pooh
iPf3844825cd972345,Order6,Democrat (Left-aligned),OP-Uncivil,Opposed,Uncivil,1,4,Political,45,Female,Black/African American,Homemaker,Associate degree,T5,Laptop/Epstein; Spongebob
iPf394d8eddb859057,Order3,Democrat (Left-aligned),AL-Borderline,Aligned,Borderline,1,3,Political,59,Female,Black/African American,Work full time,Associate degree,T5,Laptop/Epstein; Spongebob
iPf394d8eddb859057,Order3,Democrat (Left-aligned),AL-Civil,Aligned,Civil,0,0,Political,59,Female,Black/African American,Work full time,Associate degree,T3,Gov. shutdown; Farquaad
iPf394d8eddb859057,Order3,Democrat (Left-aligned),AL-Uncivil,Aligned,Uncivil,0,0,Political,59,Female,Black/African American,Work full time,Associate degree,T1,Mamdani; Pooh
iPf394d8eddb859057,Order3,Democrat (Left-aligned),OP-Borderline,Opposed,Borderline,1,4,Political,59,Female,Black/African American,Work full time,Associate degree,T6,Green energy; Spongebob
iPf394d8eddb859057,Order3,Democrat (Left-aligned),OP-Civil,Opposed,Civil,0,0,Political,59,Female,Black/African American,Work full time,Associate degree,T4,Economy; Simpsons
iPf394d8eddb859057,Order3,Democrat (Left-aligned),OP-Uncivil,Opposed,Uncivil,1,2,Political,59,Female,Black/African American,Work full time,Associate degree,T2,Election sec.; Simpsons
iPf566662513532710,Order4,Republican (Right-aligned),AL-Borderline,Aligned,Borderline,1,3,Political,56,Male,White/Caucasian,Work full time,Bachelor's degree,T1,Mamdani; Pooh
iPf566662513532710,Order4,Republican (Right-aligned),AL-Civil,Aligned,Civil,1,3,Political,56,Male,White/Caucasian,Work full time,Bachelor's degree,T5,Laptop/Epstein; Spongebob
iPf566662513532710,Order4,Republican (Right-aligned),AL-Uncivil,Aligned,Uncivil,1,4,Political,56,Male,White/Caucasian,Work full time,Bachelor's degree,T3,Gov. shutdown; Farquaad
iPf566662513532710,Order4,Republican (Right-aligned),OP-Borderline,Opposed,Borderline,1,3,Political,56,Male,White/Caucasian,Work full time,Bachelor's degree,T6,Green energy; Spongebob
iPf566662513532710,Order4,Republican (Right-aligned),OP-Civil,Opposed,Civil,1,1,Political,56,Male,White/Caucasian,Work full time,Bachelor's degree,T4,Economy; Simpsons
iPf566662513532710,Order4,Republican (Right-aligned),OP-Uncivil,Opposed,Uncivil,1,2,Political,56,Male,White/Caucasian,Work full time,Bachelor's degree,T2,Election sec.; Simpsons
iPfa1d4c43973ad789,Order6,Democrat (Left-aligned),AL-Borderline,Aligned,Borderline,1,4,Political,21,Female,Black/African American,Unemployed - looking for work,"High school graduate, diploma or the equivalent (for example: GED)",T2,Election sec.; Simpsons
iPfa1d4c43973ad789,Order6,Democrat (Left-aligned),AL-Civil,Aligned,Civil,1,4,Political,21,Female,Black/African American,Unemployed - looking for work,"High school graduate, diploma or the equivalent (for example: GED)",T6,Green energy; Spongebob
iPfa1d4c43973ad789,Order6,Democrat (Left-aligned),AL-Uncivil,Aligned,Uncivil,1,4,Political,21,Female,Black/African American,Unemployed - looking for work,"High school graduate, diploma or the equivalent (for example: GED)",T4,Economy; Simpsons
iPfa1d4c43973ad789,Order6,Democrat (Left-aligned),OP-Borderline,Opposed,Borderline,1,4,Political,21,Female,Black/African American,Unemployed - looking for work,"High school graduate, diploma or the equivalent (for example: GED)",T3,Gov. shutdown; Farquaad
iPfa1d4c43973ad789,Order6,Democrat (Left-aligned),OP-Civil,Opposed,Civil,1,4,Political,21,Female,Black/African American,Unemployed - looking for work,"High school graduate, diploma or the equivalent (for example: GED)",T1,Mamdani; Pooh
iPfa1d4c43973ad789,Order6,Democrat (Left-aligned),OP-Uncivil,Opposed,Uncivil,1,4,Political,21,Female,Black/African American,Unemployed - looking for work,"High school graduate, diploma or the equivalent (for example: GED)",T5,Laptop/Epstein; Spongebob
iPfabf86bbabcbed72,Order1,Republican (Right-aligned),AL-Borderline,Aligned,Borderline,0,0,Political,63,Male,White/Caucasian,Work full time,"High school graduate, diploma or the equivalent (for example: GED)",T4,Economy; Simpsons
iPfabf86bbabcbed72,Order1,Republican (Right-aligned),AL-Civil,Aligned,Civil,1,1,Political,63,Male,White/Caucasian,Work full time,"High school graduate, diploma or the equivalent (for example: GED)",T2,Election sec.; Simpsons
iPfabf86bbabcbed72,Order1,Republican (Right-aligned),AL-Uncivil,Aligned,Uncivil,1,4,Political,63,Male,White/Caucasian,Work full time,"High school graduate, diploma or the equivalent (for example: GED)",T6,Green energy; Spongebob
iPfabf86bbabcbed72,Order1,Republican (Right-aligned),OP-Borderline,Opposed,Borderline,1,3,Political,63,Male,White/Caucasian,Work full time,"High school graduate, diploma or the equivalent (for example: GED)",T3,Gov. shutdown; Farquaad
iPfabf86bbabcbed72,Order1,Republican (Right-aligned),OP-Civil,Opposed,Civil,1,2,Political,63,Male,White/Caucasian,Work full time,"High school graduate, diploma or the equivalent (for example: GED)",T1,Mamdani; Pooh
iPfabf86bbabcbed72,Order1,Republican (Right-aligned),OP-Uncivil,Opposed,Uncivil,1,4,Political,63,Male,White/Caucasian,Work full time,"High school graduate, diploma or the equivalent (for example: GED)",T5,Laptop/Epstein; Spongebob
iPfb429090cf657bc2,Order3,Democrat (Left-aligned),AL-Borderline,Aligned,Borderline,0,0,Political,68,Male,Black/African American,Retired,Associate degree,T5,Laptop/Epstein; Spongebob
iPfb429090cf657bc2,Order3,Democrat (Left-aligned),AL-Civil,Aligned,Civil,1,1,Political,68,Male,Black/African American,Retired,Associate degree,T3,Gov. shutdown; Farquaad
iPfb429090cf657bc2,Order3,Democrat (Left-aligned),AL-Uncivil,Aligned,Uncivil,1,2,Political,68,Male,Black/African American,Retired,Associate degree,T1,Mamdani; Pooh
iPfb429090cf657bc2,Order3,Democrat (Left-aligned),OP-Borderline,Opposed,Borderline,1,1,Political,68,Male,Black/African American,Retired,Associate degree,T6,Green energy; Spongebob
iPfb429090cf657bc2,Order3,Democrat (Left-aligned),OP-Civil,Opposed,Civil,0,0,Political,68,Male,Black/African American,Retired,Associate degree,T4,Economy; Simpsons
iPfb429090cf657bc2,Order3,Democrat (Left-aligned),OP-Uncivil,Opposed,Uncivil,1,2,Political,68,Male,Black/African American,Retired,Associate degree,T2,Election sec.; Simpsons
iPfbb24b1c4329f678,Order1,Republican (Right-aligned),AL-Borderline,Aligned,Borderline,1,1,Political,33,Male,White/Caucasian,Work full time,Professional degree,T4,Economy; Simpsons
iPfbb24b1c4329f678,Order1,Republican (Right-aligned),AL-Civil,Aligned,Civil,1,1,Political,33,Male,White/Caucasian,Work full time,Professional degree,T2,Election sec.; Simpsons
iPfbb24b1c4329f678,Order1,Republican (Right-aligned),AL-Uncivil,Aligned,Uncivil,1,1,Political,33,Male,White/Caucasian,Work full time,Professional degree,T6,Green energy; Spongebob
iPfbb24b1c4329f678,Order1,Republican (Right-aligned),OP-Borderline,Opposed,Borderline,1,1,Political,33,Male,White/Caucasian,Work full time,Professional degree,T3,Gov. shutdown; Farquaad
iPfbb24b1c4329f678,Order1,Republican (Right-aligned),OP-Civil,Opposed,Civil,1,1,Political,33,Male,White/Caucasian,Work full time,Professional degree,T1,Mamdani; Pooh
iPfbb24b1c4329f678,Order1,Republican (Right-aligned),OP-Uncivil,Opposed,Uncivil,1,1,Political,33,Male,White/Caucasian,Work full time,Professional degree,T5,Laptop/Epstein; Spongebob
iPfc26e6b96cb5db0e,Order6,Republican (Right-aligned),AL-Borderline,Aligned,Borderline,1,2,Political,74,Male,White/Caucasian,Retired,Master's degree,T3,Gov. shutdown; Farquaad
iPfc26e6b96cb5db0e,Order6,Republican (Right-aligned),AL-Civil,Aligned,Civil,0,0,Political,74,Male,White/Caucasian,Retired,Master's degree,T1,Mamdani; Pooh
iPfc26e6b96cb5db0e,Order6,Republican (Right-aligned),AL-Uncivil,Aligned,Uncivil,1,3,Political,74,Male,White/Caucasian,Retired,Master's degree,T5,Laptop/Epstein; Spongebob
iPfc26e6b96cb5db0e,Order6,Republican (Right-aligned),OP-Borderline,Opposed,Borderline,1,1,Political,74,Male,White/Caucasian,Retired,Master's degree,T2,Election sec.; Simpsons
iPfc26e6b96cb5db0e,Order6,Republican (Right-aligned),OP-Civil,Opposed,Civil,0,0,Political,74,Male,White/Caucasian,Retired,Master's degree,T6,Green energy; Spongebob
iPfc26e6b96cb5db0e,Order6,Republican (Right-aligned),OP-Uncivil,Opposed,Uncivil,1,3,Political,74,Male,White/Caucasian,Retired,Master's degree,T4,Economy; Simpsons
iPfcdd854cb5831587,Order6,Democrat (Left-aligned),AL-Borderline,Aligned,Borderline,1,4,Political,53,Female,White/Caucasian,Work full time,"High school graduate, diploma or the equivalent (for example: GED)",T2,Election sec.; Simpsons
iPfcdd854cb5831587,Order6,Democrat (Left-aligned),AL-Civil,Aligned,Civil,1,1,Political,53,Female,White/Caucasian,Work full time,"High school graduate, diploma or the equivalent (for example: GED)",T6,Green energy; Spongebob
iPfcdd854cb5831587,Order6,Democrat (Left-aligned),AL-Uncivil,Aligned,Uncivil,1,2,Political,53,Female,White/Caucasian,Work full time,"High school graduate, diploma or the equivalent (for example: GED)",T4,Economy; Simpsons
iPfcdd854cb5831587,Order6,Democrat (Left-aligned),OP-Borderline,Opposed,Borderline,1,3,Political,53,Female,White/Caucasian,Work full time,"High school graduate, diploma or the equivalent (for example: GED)",T3,Gov. shutdown; Farquaad
iPfcdd854cb5831587,Order6,Democrat (Left-aligned),OP-Civil,Opposed,Civil,1,2,Political,53,Female,White/Caucasian,Work full time,"High school graduate, diploma or the equivalent (for example: GED)",T1,Mamdani; Pooh
iPfcdd854cb5831587,Order6,Democrat (Left-aligned),OP-Uncivil,Opposed,Uncivil,1,4,Political,53,Female,White/Caucasian,Work full time,"High school graduate, diploma or the equivalent (for example: GED)",T5,Laptop/Epstein; Spongebob
iPfdad04bc10eea418,Order4,Republican (Right-aligned),AL-Borderline,Aligned,Borderline,0,0,Political,24,Male,White/Caucasian,Work full time,Bachelor's degree,T1,Mamdani; Pooh
iPfdad04bc10eea418,Order4,Republican (Right-aligned),AL-Civil,Aligned,Civil,0,0,Political,24,Male,White/Caucasian,Work full time,Bachelor's degree,T5,Laptop/Epstein; Spongebob
iPfdad04bc10eea418,Order4,Republican (Right-aligned),AL-Uncivil,Aligned,Uncivil,1,1,Political,24,Male,White/Caucasian,Work full time,Bachelor's degree,T3,Gov. shutdown; Farquaad
iPfdad04bc10eea418,Order4,Republican (Right-aligned),OP-Borderline,Opposed,Borderline,1,4,Political,24,Male,White/Caucasian,Work full time,Bachelor's degree,T6,Green energy; Spongebob
iPfdad04bc10eea418,Order4,Republican (Right-aligned),OP-Civil,Opposed,Civil,0,0,Political,24,Male,White/Caucasian,Work full time,Bachelor's degree,T4,Economy; Simpsons
iPfdad04bc10eea418,Order4,Republican (Right-aligned),OP-Uncivil,Opposed,Uncivil,1,3,Political,24,Male,White/Caucasian,Work full time,Bachelor's degree,T2,Election sec.; Simpsons
iPfe5965caa8e19490,Order5,Republican (Right-aligned),AL-Borderline,Aligned,Borderline,0,0,Political,33,Female,White/Caucasian,Work full time,Bachelor's degree,T2,Election sec.; Simpsons
iPfe5965caa8e19490,Order5,Republican (Right-aligned),AL-Civil,Aligned,Civil,1,2,Political,33,Female,White/Caucasian,Work full time,Bachelor's degree,T6,Green energy; Spongebob
iPfe5965caa8e19490,Order5,Republican (Right-aligned),AL-Uncivil,Aligned,Uncivil,1,2,Political,33,Female,White/Caucasian,Work full time,Bachelor's degree,T4,Economy; Simpsons
iPfe5965caa8e19490,Order5,Republican (Right-aligned),OP-Borderline,Opposed,Borderline,1,1,Political,33,Female,White/Caucasian,Work full time,Bachelor's degree,T1,Mamdani; Pooh
iPfe5965caa8e19490,Order5,Republican (Right-aligned),OP-Civil,Opposed,Civil,0,0,Political,33,Female,White/Caucasian,Work full time,Bachelor's degree,T5,Laptop/Epstein; Spongebob
iPfe5965caa8e19490,Order5,Republican (Right-aligned),OP-Uncivil,Opposed,Uncivil,0,0,Political,33,Female,White/Caucasian,Work full time,Bachelor's degree,T3,Gov. shutdown; Farquaad
