Civility,Alignment,N,Mean,SD,SE,t_95,t_99,CI95_lower,CI95_upper,CI99_lower,CI99_upper
Civil,Aligned,139,0.35251798561151076,0.47948204772907144,0.040669136486408186,1.9773035420276421,2.6119250276120063,0.27210275798573025,0.4329332132372913,0.2462932501712926,0.4587427210517289
Civil,Opposed,139,0.5035971223021583,0.5017953379128578,0.04256172505827062,1.9773035420276421,2.6119250276120063,0.4194396725896331,0.5877545720146834,0.39242908740412014,0.6147651572001963
Borderline,Aligned,139,0.539568345323741,0.5002345399237736,0.04242933990068983,1.9773035420276421,2.6119250276120063,0.45567266125221223,0.6234640293952698,0.42874609053207247,0.6503906001154095
Borderline,Opposed,139,0.60431654676259,0.4907655220395697,0.041626188286257484,1.9773035420276421,2.6119250276120063,0.5220089372230635,0.6866241563021164,0.4955920637736243,0.7130410297515556
Uncivil,Aligned,139,0.9064748201438849,0.2922200464047611,0.024785780839108578,1.9773035420276421,2.6119250276120063,0.8574658078987947,0.9554838323889752,0.8417362188413111,0.9712134214464587
Uncivil,Opposed,139,0.9280575539568345,0.2593271050009551,0.021995837962776557,1.9773035420276421,2.6119250276120063,0.8845651056431704,0.9715500022704987,0.8706060742785602,0.9855090336351089
