Effect,DFn,DFd,F,p,p<.05,pes
Civility,1.58,398.81,705.184,1.4099999999999998e-116,*,0.736
ContentType,1,253,127.813,2.9399999999999998e-24,*,0.336
Civility:ContentType,1.86,471.04,73.205,7.360000000000001e-27,*,0.224
