Effect,DFn,DFd,F,p,p<.05,pes
Civility,1.95,492.46,490.236,4.969999999999999e-116,*,0.66
ContentType,1,253,162.009,5.150000000000001e-29,*,0.39
Civility:ContentType,1.9,480.25,78.141,6.73e-29,*,0.236
